Track URI,Track Name,Album Name,Artist Name(s),Release Date,Duration (ms),Popularity,Explicit,Added By,Added At,Genres,Record Label,Danceability,Energy,Key,Loudness,Mode,Speechiness,Acousticness,Instrumentalness,Liveness,Valence,Tempo,Time Signature
spotify:track:1lxoHeqakdySsDRvSZJHIU,"Como Tu (feat. Ivandro)","Finda","Bárbara Bandeira;Ivandro",2023-10-06,207873,55,false,,2026-04-08T19:08:24Z,"portuguese hip hop,kizomba,zouk","Parlophone Portugal",0.562,0.671,1,-8.672,0,0.437,0.665,0.00000586,0.4,0.43,187.57,4
spotify:track:6XXQA6e8qXPJ1sZtRxvbws,"El Fin del Mundo","La la Love You Bonus","La La Love You;Axolotes Mexicanos",2020-12-11,188093,78,false,,2026-04-08T17:18:47Z,"","Subterfuge Records distributed by Altafonte",0.602,0.865,4,-4.594,1,0.0474,0.000849,0,0.094,0.671,127.054,4
spotify:track:0RrwwLDXmvCGXXzuDgwvOZ,"Más Cara","Más Cara","Bad Gyal",2026-03-05,155867,75,false,,2026-04-08T17:18:05Z,"neoperreo","Interscope Records / Universal Music Latino",0.769,0.732,1,-3.901,0,0.0343,0.113,0.00012,0.0901,0.563,99.984,4
spotify:track:5tF9QyzahoFeJQzl4OFC4Y,"YO DE MAYOR QUIERO SER YO","YO DE MAYOR QUIERO SER YO","RATA",2026-03-13,211669,48,false,,2026-04-01T22:14:24Z,"","Sony Music Entertainment",0.338,0.976,1,-5.596,0,0.0889,0.00411,0.0192,0.324,0.201,161.951,4
spotify:track:0nMNmyhAnUSNNJ8YjzCnWA,"Tutu Turú","Tutu Turú","Siderland",2026-01-13,182368,53,false,,2026-04-01T22:10:04Z,"","U98 Music",0.837,0.703,8,-5.381,0,0.0753,0.0713,0.00000307,0.0911,0.906,132.971,4
spotify:track:7CI5IAi2z70tyJIVXxsHfw,"Berghain - Remix","Berghain (Remix)","Conrad Taylor;ROSALÍA;Björk;Yves Tumor",2026-03-06,154954,73,true,,2026-04-01T22:04:25Z,"hard techno,latin,art pop,trip hop","Columbia",0.479,0.864,2,-3.001,1,0.201,0.0525,0.00404,0.34,0.561,156.327,4
spotify:track:4gFVP1A01QwUsYzev7Atd1,"MIAU","MIAU","CACHÉ;CCF",2026-03-06,123000,62,true,,2026-04-01T21:49:58Z,"","Prisma Music",0.731,0.875,6,-4.948,0,0.0736,0.0171,0.000757,0.144,0.508,179.974,4
spotify:track:53iuhJlwXhSER5J2IYYv1W,"The Fate of Ophelia","The Life of a Showgirl","Taylor Swift",2025-10-03,226073,96,false,,2026-03-14T22:22:13Z,"","Taylor Swift",0.726,0.598,5,-5.179,1,0.0291,0.265,0,0.102,0.519,123.921,4
spotify:track:3GfOAdcoc3X5GPiiXmpBjK,"Song 2","Blur: The Best Of","Blur",2000-10-23,121880,71,false,,2026-03-13T13:13:01Z,"britpop,madchester,alternative rock","Parlophone UK",0.658,0.709,8,-6.736,1,0.0904,0.00188,0.00447,0.0657,0.855,129.701,4
spotify:track:7vzLRsfNytlCFJzZhM1AXK,"C'est toi","C'est toi","satine",2024-04-19,118834,62,false,,2026-02-01T01:20:46Z,"french pop","Elektra France",0.728,0.662,10,-6.978,0,0.194,0.191,0.0000607,0.0478,0.605,102.97,4
spotify:track:7iKPYOXWkKfBo4EQFWiVbg,"LUCES AZULES","DONDE QUIERO ESTAR","Quevedo",2023-01-20,160975,65,false,,2026-01-20T20:39:50Z,"","Rimas Entertainment LLC.",0.659,0.704,1,-5.85,1,0.0409,0.253,0.00000218,0.133,0.15,122.951,4
spotify:track:15zJeVUmKFnbrxm9dxcxYD,"Sorry I'm Here For Someone Else","American Heart","Benson Boone",2025-06-20,156582,82,false,,2026-01-14T10:29:11Z,"","Night Street Records, Inc./Warner Records Inc.",0.533,0.758,2,-4.613,1,0.034,0.0437,0,0.16,0.515,149.719,4
spotify:track:3Z4wx9a3OxKZHQQEENoqOZ,"PACMAN","PACMAN","céro;D3llano",2024-06-20,126551,52,false,,2026-01-14T10:13:29Z,"","céro",0.869,0.666,11,-7.241,0,0.109,0.1,0.000143,0.111,0.629,110.033,4
spotify:track:5dt0PVoQ5xq5mvrJ1Bp3ou,"do i ever cross your mind","do i ever cross your mind","sombr",2024-08-30,168856,79,false,,2026-01-10T12:14:15Z,"","Warner Records",0.392,0.558,0,-11.57,1,0.0464,0.562,0.934,0.115,0.248,82.035,4
spotify:track:4JHg4nNYUJQ5HULcCmI18R,"What You Know","Tourist History","Two Door Cinema Club",2010-03-01,189693,77,false,,2026-01-08T16:48:09Z,"indie,indie rock","Kitsune",0.549,0.758,6,-3.991,0,0.0406,0.000673,0.00000679,0.0926,0.822,139.052,4
spotify:track:21IYMdzTrzSe191Cy5eMap,"Sailor Song","At The Beach, In Every Life","Gigi Perez",2025-04-25,211978,89,false,,2026-01-07T15:50:31Z,"","Outtahere, LLC / Island Records",0.499,0.392,11,-10.441,1,0.0262,0.627,0.000071,0.192,0.272,95.076,4
spotify:track:0FTmksd2dxiE5e3rWyJXs6,"back to friends","back to friends","sombr",2024-12-27,199032,91,false,,2026-01-06T10:38:45Z,"","Warner Records",0.436,0.723,1,-2.291,1,0.0301,0.0000937,0.0000882,0.0929,0.235,92.855,4
spotify:track:6CcJMwBtXByIz4zQLzFkKc,"i love you","WHEN WE ALL FALL ASLEEP, WHERE DO WE GO?","Billie Eilish",2019-03-29,291796,82,false,,2025-12-24T15:04:25Z,"","Darkroom/Interscope Records",0.421,0.131,0,-18.435,1,0.0382,0.952,0.00453,0.109,0.12,137.446,4
spotify:track:2BTFQLHMBvzZlHY4IaIKpl,"Nada Cambia","ES SOLO MÚSICA","Íñigo Quintero",2024-04-19,178242,45,false,,2025-12-14T16:13:25Z,"","Acqustic",0.582,0.235,9,-8.984,0,0.0318,0.888,0,0.113,0.262,109.795,5
spotify:track:0ffPRT5WW86ecgGWGf5CyY,"LOS DÍAS CONTADOS","BUENAS NOCHES","Quevedo;Rels B",2024-11-22,161943,62,false,,2025-12-10T22:22:45Z,"urbano latino,trap latino","2024 DQE Productions Distribuido por RIMAS Entertainment",0.755,0.534,0,-6.742,1,0.0506,0.297,0,0.117,0.265,109.93,4
spotify:track:18ngz35nTD4rzldysVtN4o,"DURO","BUENAS NOCHES","Quevedo",2024-11-22,162204,57,false,,2025-12-02T10:29:31Z,"","2024 DQE Productions Distribuido por RIMAS Entertainment",0.705,0.728,4,-4.97,0,0.0465,0.214,0.00000359,0.392,0.666,104.009,4
spotify:track:5Oo9D3xJJ2sF6HWiJweV0V,"NOEMÚ","BUENAS NOCHES","Quevedo",2024-11-22,206910,59,false,,2025-12-02T09:31:26Z,"","2024 DQE Productions Distribuido por RIMAS Entertainment",0.586,0.771,2,-5.764,1,0.134,0.106,0.00117,0.0764,0.359,87.891,4
spotify:track:7vqMCnrAbZgii8eJZbjYjF,"QUE ASCO DE TODO","BUENAS NOCHES","Quevedo",2024-11-22,190304,54,false,,2025-12-02T09:27:25Z,"","2024 DQE Productions Distribuido por RIMAS Entertainment",0.504,0.696,4,-6.321,1,0.104,0.178,0.000258,0.353,0.522,149.523,4
spotify:track:6mP16Mr2X3ZU2bNmWBUqzK,"KASSANDRA","BUENAS NOCHES","Quevedo",2024-11-22,183172,67,false,,2025-12-02T08:54:17Z,"","2024 DQE Productions Distribuido por RIMAS Entertainment",0.651,0.634,9,-6.406,0,0.0728,0.408,0,0.12,0.451,117.91,4
spotify:track:3weNRklVDqb4Rr5MhKBR3D,"Nuvole Bianche","Una Mattina","Ludovico Einaudi",2004-01-01,357706,73,false,,2025-11-21T01:13:58Z,"neoclassical,classical,contemporary classical","Decca (UMO)",0.191,0.0582,8,-25.398,1,0.0578,0.961,0.89,0.0941,0.0454,132.614,1
spotify:track:5ONDwiSzjziWVwmxRZCen6,"Lo Que Queda de Mí","Lo Que Queda de Mí","Íñigo Quintero",2023-12-01,230867,57,false,,2025-11-21T01:01:34Z,"","Acqustic",0.581,0.635,9,-5.544,0,0.0344,0.173,0,0.0928,0.281,129.952,4
spotify:track:404gMxF9fAHOuyQ7q89wk9,"Guarda-me Esta Noite","Mediterrâneo","Valter Lobo",2016-10-14,261463,48,false,,2025-11-11T20:53:40Z,"","Valter Lobo",0.326,0.405,4,-8.131,0,0.0339,0.748,0.0000351,0.0978,0.277,154.288,3
spotify:track:4rKQ8daoK0aklVptea8A9E,"EL TONTO","EL DRAGÓN","Lola Indigo;Quevedo",2023-04-13,187986,63,false,,2025-11-11T17:50:55Z,"","Universal Music Spain S.L.",0.799,0.797,0,-5.365,1,0.0879,0.412,0,0.235,0.694,110.015,4
spotify:track:31pd4crQES4hOaWHGIpzXI,"FIM DA NOITE","FIM DA NOITE","Kappa Jotta;Bispo",2024-11-22,214065,49,false,,2025-10-15T20:16:29Z,"portuguese hip hop","KAPPA JOTTA",0.615,0.518,7,-6.087,1,0.119,0.738,0.00000285,0.123,0.513,166.227,4
spotify:track:4nLqe3vWwbC4oGX2SphgXL,"Tempo","Tempo","FRANKIEONTHEGUITAR;T-Rex;LON3R JOHNY;Bispo",2020-02-28,250169,57,false,,2025-10-15T13:17:41Z,"portuguese hip hop,punta","FRANKIEONTHEGUITAR",0.757,0.607,7,-6.006,0,0.0438,0.562,0.00000647,0.143,0.4,123.986,4
spotify:track:19gFXFDAFUdsuaiAorKEbr,"Tempo","Tempo","FRANKIEONTHEGUITAR;T-Rex;LON3R JOHNY;Bispo",2020-02-28,250169,0,false,,2025-10-14T21:12:27Z,"portuguese hip hop,punta","FRANKIEONTHEGUITAR",0.757,0.607,7,-6.006,0,0.0438,0.562,0.00000647,0.143,0.4,123.986,4
spotify:track:3WnDjHMr1nDDx7s1NCHxB7,"Estradas No Céu","Check-In","Valas;Raquel Tavares",2018-06-01,240900,30,false,,2025-10-10T09:17:24Z,"portuguese hip hop,fado","Universal Music Portugal SA",0.435,0.766,6,-6.489,0,0.445,0.379,0,0.079,0.157,80.82,4
spotify:track:2Ebny6CAm0KH0YvWvLQBNz,"ICARUS (Version for Piano 4 Hands)","Ann: ICARUS (Version for Piano 4 Hands)","Tony Ann;Lang Lang",2025-10-03,198906,42,false,,2025-10-07T18:32:13Z,"classical piano,classical","Deutsche Grammophon (DG)",0.381,0.258,0,-13.585,0,0.0388,0.971,0.877,0.0931,0.0431,106.326,4
spotify:track:68nZjz3bLH1MM0cURT1YVH,"Vagabundo","Milagro","Sebastian Yatra;Manuel Turizo;Beéle",2025-05-16,215196,77,false,,2025-09-28T20:01:16Z,"colombian pop,reggaeton,latin,pop urbano,latin afrobeats","Universal Music Latino",0.813,0.84,11,-3.976,0,0.0558,0.0401,0,0.286,0.869,126.97,4
spotify:track:6o39Ln9118FKTMbM4BvcEy,"Drown","That's The Spirit","Bring Me The Horizon",2015-09-11,222093,74,false,,2025-09-23T11:11:20Z,"metalcore,emo,rock,screamo,post-hardcore","RCA Records Label",0.405,0.94,1,-3.103,0,0.0844,0.000102,0.0000279,0.719,0.24,143.126,4
spotify:track:1di1C0QI6Y92yZPYn6XYAZ,"シルエット","TIME","KANA-BOON",2015-01-21,240133,77,false,,2025-09-23T11:01:35Z,"anime,j-rock,j-pop","Sony Music Labels Inc.",0.436,0.934,2,-2.685,1,0.0507,0.0000103,0.14,0.321,0.384,91.481,4
spotify:track:0sTxIxDW7jgf4FXaoqzsnC,"Os Filhos Da Nação","Os Filhos Da Nacao","Quinta Do Bill",1994-01-01,185973,42,false,,2025-09-22T11:17:17Z,"","Universal Music Portugal SA",0.58,0.678,0,-9.679,1,0.0272,0.166,0.00000442,0.0669,0.96,139.887,4
spotify:track:29oz1YvftGHhA2dIFj6PUW,"A Nossa Vez (Acústico)","A.N.V.","Calema",2017-10-20,253760,0,false,,2025-09-15T18:55:21Z,"kizomba,zouk","Klasszik",0.589,0.223,9,-11.255,1,0.0466,0.872,0,0.148,0.575,125.049,5
spotify:track:5uweHwX3D8H8JqD6vUNEfY,"Lutar Contra Quem For - De ""Mulan""/Banda Sonora Original","Disney Princess - Conquista Os Teus Sonhos","Pedro Gonçalves;Carlos Vieira D`Almeida;André Maia",2017-02-24,145866,28,false,,2025-08-05T13:37:40Z,"","Walt Disney Records",0.43,0.471,9,-11.98,1,0.0514,0.56,0,0.186,0.813,89.574,4
spotify:track:6SpI6YKn2u2oX7jSzoKDDl,"Protagonista","Reflexo","Dillaz",2016-05-26,242533,3,false,,2025-07-25T10:45:32Z,"portuguese hip hop,punta","Seventy Five",0.786,0.544,8,-8.701,0,0.0486,0.192,0,0.0978,0.313,94.992,4
spotify:track:6fSNK6QlZskYmKTvJnNH5P,"You'll Never Walk Alone","The Very Best Of Gerry & Pacemakers","Gerry & The Pacemakers",1997-10-13,159546,60,false,,2025-07-03T18:59:44Z,"","Parlophone UK",0.474,0.365,0,-5.446,1,0.0306,0.251,0.00000202,0.186,0.219,113.207,3
spotify:track:3dEm27HmaMOIQfoG4EZZQ6,"Sorte Grande","Ela Só","João Só",2012-07-11,213040,35,false,,2025-06-30T20:26:03Z,"","Edições Valentim de Carvalho, S.A.",0.471,0.507,0,-8.198,1,0.0264,0.00662,0.0147,0.119,0.363,149.884,4
spotify:track:6A3Q8BVAAI2PW1s6MX4ZGF,"Boa Sorte / Good Luck (feat. Ben Harper)","Sim (Deluxe)","Vanessa Da Mata;Ben Harper",2007,235600,71,false,,2025-06-30T19:03:56Z,"mpb,new mpb,surf rock","Sony BMG Music Entertainment",0.78,0.566,11,-9.289,1,0.05,0.323,0.000463,0.0814,0.281,111.019,4
spotify:track:5XJmijuWhBctPUerQv47gG,"Capaz vs We Found Love (Mashup DJ Remix)","Capaz Vs We Found Love (Mashup DJ Remix)","Vilu Gontero;Julieta SW",2025-02-03,170750,65,false,,2025-06-18T18:25:54Z,"techengue","Jarana Label",0.703,0.766,6,-4.574,1,0.0405,0.0756,0.00166,0.138,0.691,128.007,4
spotify:track:7DMur7xPMYpRiECi6lfhCJ,"Terra da Maria","Terra da Maria","D.A.M.A",2025-05-20,146372,51,false,,2025-06-13T15:46:57Z,"","D.A.M.A",0.882,0.525,4,-4.453,0,0.0592,0.192,0.00000196,0.0606,0.961,116.005,4
spotify:track:4uulymZhmebsjKedRaJ1gQ,"malibU","DAISY","rusowsky",2025-05-23,215250,78,false,,2025-06-11T09:20:57Z,"neoperreo","Rusia-IDK/Warner Records",0.677,0.537,7,-7.814,1,0.0274,0.74,0.0000169,0.16,0.896,126.015,4
spotify:track:18m5dJOPB2geFwOymXNaWg,"AURORA","LO MISMO DE SIEMPRE","Mora;De La Rose",2025-05-18,192853,76,true,,2025-06-04T14:39:51Z,"urbano latino,trap latino,reggaeton","Rimas Entertainment LLC.",0.595,0.761,11,-4.966,0,0.042,0.592,0,0.202,0.367,111.926,4
spotify:track:1cmfXbOvNJt7iDrnJy5BRE,"DROGA","LO MISMO DE SIEMPRE","Mora;C. Tangana",2025-05-18,222626,75,true,,2025-06-04T14:32:26Z,"urbano latino,trap latino,reggaeton","Rimas Entertainment LLC.",0.695,0.848,0,-5.039,0,0.0569,0.383,0,0.078,0.878,76.022,4
spotify:track:2yMTUaAv55qoTD0JPLodIQ,"Pôr do Sol","Pôr do Sol","Vizinhos",2025-03-21,160625,65,false,,2025-06-04T14:14:14Z,"","Vizinhos",0.713,0.487,11,-10.438,1,0.0392,0.349,0,0.102,0.521,114.034,4
spotify:track:2kQ1OvmMzs1xdlH020aJJh,"GRAN VÍA","BUENAS NOCHES","Quevedo;Aitana",2024-11-22,213528,73,false,,2025-05-22T11:00:46Z,"","2024 DQE Productions Distribuido por RIMAS Entertainment",0.641,0.827,5,-4.921,0,0.0631,0.157,0,0.357,0.722,159.961,4
spotify:track:3hRg7lccZQI3qFp42jjyXK,"E o Sporting Vai Jogar","E o Sporting Vai Jogar","Directivo Ultras XXI",2016,228653,33,false,,2025-05-21T13:10:51Z,"","Directivo Ultras XXI",0.422,0.819,7,-10.153,1,0.153,0.00073,0,0.365,0.732,185.921,4
spotify:track:0rIOEU9N7BJubRlOSKhbsC,"Eu Quero o Sporting Campeão","Eu Quero o Sporting Campeão","Juve Leo",2021-06-21,186931,29,false,,2025-05-21T12:50:48Z,"","VIDISCO",0.45,0.949,8,-5.699,1,0.102,0.0367,0.0116,0.684,0.431,139.981,4
spotify:track:6n6hLw4tI2Z5MKVaaG4crM,"Mágico Sporting","Sporting Campeão","Directivo Ultras XXI",2021-05-12,251906,37,false,,2025-05-21T11:40:10Z,"","Directivo Ultras XXI",0.556,0.75,5,-7.626,1,0.0252,0.00157,0,0.143,0.447,129.938,4
spotify:track:723BnOykU9vOXI2FAI948m,"Bomba Relógio","Ganga Com Ganga","Miguel Luz",2025-03-06,199465,31,false,,2025-05-15T10:14:15Z,"portuguese hip hop","Miguel Luz",0.698,0.757,11,-7.604,1,0.0434,0.303,0,0.2,0.713,146.006,4
spotify:track:7IPUNxs3vUvunfEFxRTGzS,"Amor De Ganga","Ganga Com Ganga","Miguel Luz",2025-03-06,206908,46,false,,2025-05-15T10:14:13Z,"portuguese hip hop","Miguel Luz",0.635,0.776,8,-8.413,1,0.0487,0.174,0,0.1,0.635,157.036,4
spotify:track:2c2EZEMZ8EFDn4hmqiwFrR,"Queres Ir Dar Uma Volta Ao Bilhar Grande?","Ganga Com Ganga","Miguel Luz",2025-03-06,215674,30,false,,2025-05-15T10:14:09Z,"portuguese hip hop","Miguel Luz",0.611,0.63,7,-8.046,1,0.0378,0.208,0,0.239,0.749,160.007,4
spotify:track:4kbkYbhWNiSJraySknB4hD,"Baller","Bittersüß","Abor & Tynna",2025-02-14,159493,63,false,,2025-05-02T14:51:19Z,"","Jive",0.732,0.835,0,-4.399,0,0.0553,0.0571,0,0.202,0.829,137.904,4
spotify:track:0OXUqgdMVTNGgV0LJ8irvP,"noche de san juan","a nuevos lugares","Hey Kid",2024-11-29,161875,65,false,,2025-04-30T12:33:39Z,"","Acqustic",0.63,0.542,0,-7.198,0,0.0309,0.25,0,0.244,0.528,104.931,4
spotify:track:6CCL120WKQUGBPHpndoqAW,"do raso ao fundo","do raso ao fundo","Mariana Nolasco;MARO",2025-04-24,245681,38,false,,2025-04-25T12:22:04Z,"new mpb,mpb,brazilian pop","No Santo Som",0.375,0.305,7,-9.979,0,0.0333,0.858,0,0.116,0.211,106.144,4
spotify:track:22juTts8TAnJYwGnlxB87e,"Mr/Mme","Sillygomania","Loïc Nottet",2020-05-29,381533,67,false,,2025-04-10T11:39:30Z,"","RCA Group",0.63,0.367,6,-7.833,1,0.0338,0.854,0,0.101,0.319,102.561,3
spotify:track:1ST4XYajQ8RVuozkQ4M4LP,"Guarda-me Esta Noite","Mediterrâneo","Valter Lobo",2016-10-14,261464,1,false,,2025-03-22T15:08:01Z,"","Valter Lobo",0.326,0.406,4,-8.129,0,0.0339,0.748,0.0000369,0.0978,0.278,154.249,3
spotify:track:3cC8ab1SIsttVTB471s0ku,"(In)fortúnios","E Tudo Gira","Filipe Pinto",2016-07-01,205568,0,false,,2025-03-17T11:47:26Z,"fado","Filipe Pinto",0.456,0.637,4,-9.04,1,0.0358,0.117,0,0.113,0.245,144.126,4
spotify:track:3n0xGh2PjRrOOfc8IkpnGb,"Pessoas Normais","Ganga Com Ganga","Miguel Luz",2025-03-06,180594,38,false,,2025-03-17T07:01:53Z,"portuguese hip hop","Miguel Luz",0.668,0.629,4,-8.12,1,0.0276,0.351,0,0.0826,0.599,104.017,4
spotify:track:1oTo3ijRbaDAtrjJrGAPSw,"I Miss You","blink-182","blink-182",2003-01-01,227240,80,false,,2025-03-16T19:44:45Z,"pop punk,punk,rock,skate punk,emo","Geffen*",0.655,0.781,11,-6.547,1,0.034,0.00103,0.00000533,0.0867,0.584,110.024,4
spotify:track:5OoX1GVUW7QXCGRsV24SWP,"Clickbait","Senso Comum","NAPA",2019-10-11,208764,36,false,,2025-03-14T20:37:52Z,"","Napa",0.491,0.531,2,-8.565,0,0.0468,0.214,0.00000285,0.0549,0.561,185.894,4
spotify:track:7gurij2FuqwvbUOJHNbIAT,"Aparentemente","Logo Se Vê","NAPA",2023-05-26,262680,36,false,,2025-03-14T20:33:33Z,"","NAPA",0.52,0.823,9,-5.009,0,0.0632,0.1,0.0121,0.146,0.4,141.294,4
spotify:track:7z4WQg1KfLQaNTWbBip0Hw,"Senso Comum","Senso Comum","NAPA",2019-10-11,277324,43,true,,2025-03-09T21:09:36Z,"","Napa",0.75,0.843,1,-8.067,0,0.047,0.0236,0.0000428,0.0909,0.75,135.022,4
spotify:track:2Xs3w0v830vLrs5AhMUaF1,"I Wanna Destroy U","Festival da Canção 2025","HENKA",2025-01-23,174725,24,false,,2025-03-09T00:59:57Z,"","Sony Music Entertainment",0.592,0.785,5,-7.386,0,0.0426,0.00345,0,0.668,0.421,90.996,4
spotify:track:5AGJ4qOBXBQVl9O0A7jGjc,"Ninguém","Festival da Canção 2025","Bluay",2025-01-23,180737,0,false,,2025-03-09T00:59:44Z,"portuguese hip hop,kizomba","Sony Music Entertainment",0.599,0.447,10,-8.084,1,0.0811,0.925,0,0.099,0.343,81.887,4
spotify:track:0PV4jz1JE8gpqP3ZnkIOeG,"Apago tudo","Festival da Canção 2025","bombazine",2025-01-23,180333,24,false,,2025-03-09T00:58:48Z,"","Sony Music Entertainment",0.764,0.688,9,-7.896,1,0.036,0.00614,0.0000716,0.0435,0.779,117.977,4
spotify:track:6QlygEHWgXDeAwDtzksA5b,"Deslocado","Festival da Canção 2025","NAPA",2025-01-23,179996,0,false,,2025-03-09T00:51:49Z,"","Sony Music Entertainment",0.559,0.447,6,-7.96,1,0.03,0.123,0.000532,0.131,0.35,75.474,4
spotify:track:37tfAikjAUzrnHJ7MAC9lE,"Ponto de Viragem","Hipocondria","Klepht",2010-04-01,236400,11,false,,2025-02-21T08:04:32Z,"","Glam Music",0.596,0.576,5,-10.254,1,0.0283,0.0218,0.221,0.162,0.596,114.99,4
spotify:track:2ysrFuzBZX1hw7lGHK8lHF,"Numb","Covers (Vol. 2)","Tommee Profitt;Skylar Grey",2024-05-10,197333,51,false,,2025-02-13T15:14:32Z,"","Tommee Profitt Studios",0.262,0.294,6,-7.436,0,0.0385,0.544,0,0.277,0.147,169.144,4
spotify:track:7MXlTgQeo3IVlMpLnZuhxc,"It's Time","Night Visions","Imagine Dragons",2012-09-04,240306,77,false,,2025-02-12T07:43:43Z,"","Kid Ina Korner / Interscope",0.656,0.884,2,-4.748,1,0.0372,0.016,0,0.144,0.858,105.009,4
spotify:track:003vvx7Niy0yvhvHt4a68B,"Mr. Brightside","Hot Fuss","The Killers",2004,222973,93,false,,2025-02-11T07:03:36Z,"alternative rock","Island Records",0.352,0.911,1,-5.23,1,0.0747,0.00121,0,0.0995,0.236,148.033,4
spotify:track:7fHLFWev7VzWeqUg4fibDs,"Por Si Mañana No Estoy","El Silencio Del Ruido","Samuraï",2024-11-21,154506,41,false,,2025-02-03T16:52:13Z,"","Universal Music Spain S.L.",0.485,0.826,1,-4.911,0,0.0777,0.000178,0.0000284,0.294,0.674,175.042,4
spotify:track:66vkR1fPxKkCwXm2zg6Wot,"A Chance","Groovin´ on Monster´S Eye-Balls","Hands On Approach",2005-09-01,283680,25,false,,2025-01-30T15:22:39Z,"","Hands On Approach",0.481,0.763,2,-4.915,0,0.0466,0.000498,0.000322,0.107,0.338,126.996,4
spotify:track:1fH5zZfCx4FyIUqpPUkXv0,"+ Vale nunca","Concentrado","GNR",2012-11-19,326253,42,false,,2025-01-30T14:59:29Z,"fado","Parlophone Portugal",0.656,0.89,0,-4.773,1,0.063,0.0714,0.14,0.154,0.737,120.103,4
spotify:track:1GTqOaoThQ64CQyk4MfiWy,"Tiro Al Aire","Tiro Al Aire","Samuraï",2023-02-23,200145,50,false,,2025-01-24T19:01:00Z,"","Universal Music Spain S.L.",0.574,0.771,6,-5.61,1,0.0702,0.0249,0.0000167,0.0796,0.505,180.027,4
spotify:track:46dmazd1o2QIs1DfjyyTx5,"La Bachata","La Bachata","Marta Santos",2022-09-22,134736,58,false,,2025-01-24T18:57:51Z,"flamenco,flamenco pop,flamenco urbano","Sound Blaster Records",0.832,0.365,9,-6.583,0,0.0534,0.605,0,0.0949,0.663,114.126,4
spotify:track:48ikKqBYGbNApD8bEJCamc,"El Tiempo Que Paso Contigo","El Tiempo Que Paso Contigo","Íñigo Quintero;Besmaya",2024-12-06,190205,65,false,,2025-01-24T18:28:33Z,"","Acqustic",0.607,0.84,7,-5.987,1,0.0466,0.223,0,0.121,0.25,151.99,4
spotify:track:3bwK0L4oV5UYgNtWWlX2PR,"En El Aire","El Silencio Del Ruido","Samuraï;Leo Rizzi",2024-11-21,203333,55,false,,2025-01-24T18:20:05Z,"","Universal Music Spain S.L.",0.386,0.556,1,-5.637,0,0.077,0.341,0,0.1,0.305,85.699,4
spotify:track:531VAckj8CrGSXaE14kI9z,"Luna","alpha","Aitana",2023-09-21,222640,49,false,,2025-01-24T18:05:40Z,"","Universal Music Spain S.L.",0.622,0.539,4,-6.733,0,0.0317,0.448,0.139,0.122,0.0853,123.978,4
spotify:track:3k4gjmYNJugQRlh2aounZ9,"Over Each Other","From Zero","Linkin Park",2024-11-15,170445,70,false,,2024-12-20T20:34:35Z,"nu metal,rap metal,rock,alternative metal","Warner Records",0.55,0.789,10,-4.634,1,0.0382,0.00241,0,0.428,0.317,147.947,4
spotify:track:1EDPVGbyPKJPeGqATwXZvN,"The Emptiness Machine","From Zero","Linkin Park",2024-11-15,190427,83,true,,2024-12-20T10:27:24Z,"nu metal,rap metal,rock,alternative metal","Warner Records",0.466,0.872,7,-3.344,1,0.0336,0.0156,0,0.121,0.806,184.115,4
spotify:track:2yLE4fvbroJS8JNa3YA6ZB,"How Villains Are Made","Talking to Myself","Madalen Duke",2020-11-06,206595,35,false,,2024-12-19T07:38:01Z,"","FRTYFVE",0.357,0.366,4,-10.732,0,0.0305,0.719,0.000197,0.0807,0.262,80.229,4
spotify:track:3UxXEGw1UDAL4KBooq2VxY,"Therapy","Happy Never After","VOILÀ",2022-10-07,201391,68,false,,2024-12-18T16:04:42Z,"","VOILA",0.676,0.654,1,-7.477,0,0.0348,0.000823,0,0.105,0.377,101.937,4
spotify:track:43oofAIQViHPlgYCDfpkAi,"Innocent","Innocent","MYTCH",2021-04-16,225790,54,false,,2024-12-18T15:52:00Z,"dark r&b","Gaming Playlist",0.394,0.889,1,-2.046,0,0.0506,0.0101,0,0.376,0.218,160,4
spotify:track:33MnSYLvtOrbj5zwfioEiH,"Be Somebody","The End Is Where We Begin","Thousand Foot Krutch",2012-04-17,222435,64,false,,2024-12-18T15:45:41Z,"christian rock,christian alternative rock,rap metal","Endurance Music Group / The Fuel Music",0.457,0.669,6,-5.792,0,0.0288,0.0296,0,0.142,0.312,93.987,4
spotify:track:0sJNkgrzgVatKaEUnWio48,"The Friends Inside My Head (Demo)","The Friends Inside My Head (Demo)","NEFFEX",2024-12-18,158641,32,false,,2024-12-18T13:44:26Z,"","Burning Boat LLC",0.808,0.484,11,-6.666,1,0.0425,0.012,0.000033,0.303,0.412,111.956,4
spotify:track:7Fc3dkiRhyp4WRCPKL8YWE,"Lisboa (feat. Tim)","Dono Do Mundo","Tara Perdida;Tim",2013-04-29,193133,39,false,,2024-12-14T02:18:35Z,"fado","Tara Perdida",0.352,0.476,7,-7.585,1,0.0379,0.499,0,0.111,0.166,70.002,4
spotify:track:5ttIpTqTyg5H5pSkgmDqRX,"Tudo De Novo","Hipocondria","Klepht",2010-04-01,236160,24,false,,2024-12-14T01:40:50Z,"","Glam Music",0.555,0.859,11,-8.24,1,0.0377,0.000571,0.00182,0.114,0.596,114.004,4
spotify:track:4uoYWmjRq2WK7kaSge728K,"Verão","Verão","The Gift",2019-03-29,297532,0,false,,2024-12-14T01:30:04Z,"","La Folie Gift",0.593,0.496,10,-10.035,1,0.0316,0.403,0.0191,0.219,0.344,95.021,4
spotify:track:7a7GQ5TxTUMF2LozDdml6V,"Capitão Romance (Aventuras No Mundo, Cap. I - Rumo À Verdade)","O Monstro Precisa De Amigos","Ornatos Violeta;Gordon Gano",1999-01-01,229666,43,false,,2024-12-14T01:24:56Z,"musique concrète,entehno,electroacoustic","Universal Music Portugal SA",0.433,0.497,11,-9.284,1,0.031,0.699,0,0.311,0.572,147.823,4
spotify:track:4mCIbwgZ5FbYsbjiX193n0,"Mar De Gelo","Mar De Gelo","Frankie Chavez",2023-09-22,161000,19,false,,2024-12-10T16:58:34Z,"surf rock","Search Records",0.624,0.889,7,-6.534,1,0.0367,0.00175,0.0000244,0.199,0.899,120.017,4
spotify:track:0dFVZx7JDv7lvXx6MoOBfX,"Linhas Tortas","Linhas Tortas","Fonzie",2024-06-05,175000,0,false,,2024-12-10T16:55:37Z,"","Fonzie",0.373,0.905,10,-4.48,0,0.0791,0.000231,0.00000283,0.0932,0.767,170.061,4
spotify:track:4WPw9shOzxaA4cWws44Xjd,"Christmas at Hogwarts","Harry Potter and The Sorcerer's Stone Original Motion Picture Soundtrack","John Williams",2001-10-30,175533,49,false,,2024-12-09T15:02:03Z,"soundtrack,score","Atlantic Records",0.18,0.0512,7,-29.604,1,0.0439,0.82,0.0546,0.137,0.0601,79.124,4
spotify:track:0SlpFHdk4UHBDzCEoXzy14,"Stop Crying Your Heart Out","Heathen Chemistry","Oasis",2002-07-01,303120,71,false,,2024-12-09T10:58:31Z,"britpop,madchester","Big Brother Recordings Ltd",0.331,0.558,2,-5.506,1,0.031,0.0689,0.00000196,0.124,0.0985,150.19,4
spotify:track:4ZdFMKqprNtEqdqdhu7gU0,"What Have They Done To Us (from the series Arcane League of Legends)","What Have They Done To Us (from the series Arcane League of Legends)","Mako;Grey;Arcane",2024-11-16,119160,46,false,,2024-12-05T14:40:42Z,"score","Riot Games",0.397,0.343,6,-13.186,0,0.0311,0.834,0.00841,0.0924,0.128,120.189,4
spotify:track:355ygyd1nLXeJAz7Zbapwj,"这样很好 (Isha's Song) (from the series Arcane League of Legends)","这样很好 (Isha's Song) (from the series Arcane League of Legends)","Eason Chan;Arcane;League of Legends",2024-11-16,264680,48,false,,2024-12-05T14:40:34Z,"cantopop,mandopop,c-pop,taiwanese pop,score","Riot Games",0.389,0.53,5,-7.8,1,0.0333,0.117,0.00000161,0.0779,0.173,149.917,4
spotify:track:5vNRhkKd0yEAg8suGBpjeY,"APT.","APT.","ROSÉ;Bruno Mars",2024-10-18,169917,87,false,,2024-12-05T14:40:29Z,"k-pop","Atlantic Records",0.777,0.783,0,-4.477,0,0.26,0.0283,0,0.355,0.939,149.027,4
spotify:track:37ozVDmL5b6NNVWFYgAlkz,"Come Play (from the series Arcane League of Legends)","Come Play (from the series Arcane League of Legends)","Stray Kids;Young Miko;Arcane;Tom Morello;League of Legends",2024-10-16,161666,70,false,,2024-12-05T14:40:25Z,"k-pop,noise music,trap latino,score","Riot Games",0.565,0.867,7,-5.465,1,0.0964,0.00304,0,0.257,0.424,95.004,4
spotify:track:3bpkjtiwxCmEFIHkuNf3Oc,"Rebel Heart (from the series Arcane League of Legends)","Rebel Heart (from the series Arcane League of Legends)","Djerv;Arcane;League of Legends",2024-11-16,171373,40,true,,2024-12-05T14:40:22Z,"norsk rock,score","Riot Games",0.274,0.962,0,-4.186,1,0.0927,0.0000296,0.287,0.469,0.142,203.068,4
spotify:track:7ne4VBA60CxGM75vw0EYad,"That’s So True","The Secret of Us (Deluxe)","Gracie Abrams",2024-10-18,166300,90,true,,2024-12-05T14:40:20Z,"","Gracie Abrams, under exclusive license to Interscope Records",0.554,0.808,1,-4.169,1,0.0368,0.214,0,0.159,0.372,108.548,4
spotify:track:7dqTJ7Ba3VtBtGTXHRK8N8,"Renegade (We Never Run) (from the series Arcane League of Legends)","Renegade (We Never Run) (from the series Arcane League of Legends)","Raja Kumari;Stefflon Don;Jarina De Marco",2024-11-09,161400,48,true,,2024-12-05T11:53:16Z,"desi hip hop,hindi hip hop,dancehall","Riot Games",0.628,0.902,2,-4.906,1,0.174,0.00378,0.0105,0.409,0.718,161.077,4
spotify:track:0sxEJXVl1e3eVG3PsFZ8dk,"O Nosso Beijo","O Nosso Beijo","Matias Damásio",2021-01-08,236617,42,false,,2024-12-05T10:53:00Z,"kizomba,zouk","Arca Velha Entretenimento, Lda.",0.365,0.442,0,-7.634,1,0.0322,0.881,0.0000702,0.105,0.235,153.069,4
spotify:track:0qGRWcPOMkkt7edm4wMVRf,"País das Maravilhas","Carta de Alforria","Plutonio",2024-11-08,245461,58,false,,2024-12-04T10:53:23Z,"portuguese hip hop","Bridgetown Records",0.701,0.387,8,-10.795,0,0.0955,0.68,0,0.361,0.223,98.019,4
spotify:track:1PhsXC03UQxqdMQgt7wyNw,"Amor De Ganga","Bomba Relógio","Miguel Luz",2024-11-26,206908,14,false,,2024-12-04T10:30:53Z,"portuguese hip hop","Miguel Luz",0.633,0.788,8,-8.454,1,0.052,0.204,0,0.101,0.634,157.023,4
spotify:track:2y5mEYDDPoQCgz55sP3eUz,"Amor De Ganga","Amor De Ganga","Miguel Luz",2024-10-22,206908,44,false,,2024-12-02T11:25:28Z,"portuguese hip hop","Miguel Luz",0.658,0.793,8,-9.526,1,0.0609,0.208,0,0.0797,0.454,156.974,4
spotify:track:5mPot1dZmoXeQc7yZlnPgC,"Bomba Relógio","Bomba Relógio","Miguel Luz",2024-11-26,200331,20,false,,2024-12-02T11:25:11Z,"portuguese hip hop","Miguel Luz",0.694,0.758,3,-7.604,0,0.0419,0.289,0,0.185,0.731,145.958,4
spotify:track:4lriIG2vNqwDWzOj2I9rtj,"Ma Meilleure Ennemie (from the series Arcane League of Legends)","Ma Meilleure Ennemie (from the series Arcane League of Legends)","Stromae;Pomme;Arcane",2024-11-23,147973,75,false,,2024-11-27T15:46:59Z,"french pop,score","Riot Games",0.678,0.604,4,-7.926,0,0.0962,0.00465,0.000936,0.278,0.374,88,4
spotify:track:5LrN7yUQAzvthd4QujgPFr,"Here With Me","Petals to Thorns","d4vd",2023-05-26,242484,21,false,,2024-11-25T10:22:34Z,"","Darkroom/Interscope Records",0.575,0.45,4,-9.306,1,0.0259,0.531,0.0000659,0.124,0.263,132.039,4
spotify:track:5r9OlaHzqlOKkFAv0q5Gm3,"Wasteland (from the series Arcane League of Legends)","Arcane League of Legends: Season 2 (Soundtrack from the Animated Series)","Arcane;Royal & the Serpent",2024-11-23,161133,66,false,,2024-11-23T11:41:01Z,"score","Riot Games",0.428,0.323,5,-10.216,1,0.0312,0.83,0.0000493,0.113,0.189,139.169,3
spotify:track:6stXkGStcYr3Cu5nBKczEi,"The Line (from the series Arcane League of Legends)","The Line (from the series Arcane League of Legends)","Twenty One Pilots",2024-11-22,192000,0,false,,2024-11-22T10:51:28Z,"","Riot Games",0.556,0.47,9,-9.777,0,0.0379,0.263,0.000266,0.0835,0.322,142.596,4
spotify:track:0i77506epd8NgmHxZwMOwS,"Heavy Is The Crown (Original Score) (from the series Arcane League of Legends)","Heavy Is The Crown (Original Score) (from the series Arcane League of Legends)","Mike Shinoda;Emily Armstrong;Arcane",2024-11-09,101533,52,false,,2024-11-18T14:25:00Z,"score","Riot Games",0.458,0.589,0,-8.305,1,0.0271,0.00641,0.000576,0.14,0.0554,105.024,4
spotify:track:4pqTJ9xe9iDnxKbmGpGQby,"I Can't Hear It Now (from the series Arcane League of Legends)","I Can't Hear It Now (from the series Arcane League of Legends)","Freya Ridings;Arcane;League of Legends",2024-11-09,161040,48,false,,2024-11-18T14:24:07Z,"score","Riot Games",0.402,0.155,2,-9.409,0,0.0319,0.819,0.0000848,0.0756,0.155,119.398,4
spotify:track:3mVU7NvtY6OYslKyAnDkD4,"这样很好 (Isha's Song) (from the series Arcane League of Legends)","Arcane League of Legends: Season 2 (from the series Arcane League of Legends)","Arcane;League of Legends",2024-11-16,264680,0,false,,2024-11-18T14:23:56Z,"score","Riot Games",0.389,0.53,5,-7.8,1,0.0333,0.117,0.00000161,0.0779,0.173,149.917,4
spotify:track:2V3kShnNfzFkjh2UqCaMwb,"Remember Me (Intro) (from the series Arcane League of Legends)","Remember Me (from the series Arcane League of Legends)","d4vd;Arcane;League of Legends",2024-11-15,100106,42,false,,2024-11-18T11:38:39Z,"score","Riot Games",0.368,0.39,0,-12.31,0,0.0329,0.452,0.921,0.556,0.149,110.822,4
spotify:track:6YB9jhzVEzw8CKeXD7Vx8j,"What Could Have Been (from the series Arcane League of Legends)","Arcane League of Legends (Soundtrack from the Animated Series)","Sting;Ray Chen",2021-11-20,213474,65,false,,2024-11-17T20:54:40Z,"soft rock","Riot Games",0.44,0.288,5,-8.897,0,0.0386,0.576,0.00128,0.0802,0.176,110.18,3
spotify:track:1yBoI01Y9dpPwqk9qBi44d,"Guns for Hire (from the series Arcane League of Legends)","Arcane League of Legends (Soundtrack from the Animated Series)","Woodkid",2021-11-20,226460,53,false,,2024-11-17T20:44:24Z,"","Riot Games",0.254,0.298,3,-7.59,0,0.0296,0.288,0,0.117,0.106,139.713,4
spotify:track:3gXqz0S2KmgNIAVjqbZ1e2,"Goodbye (from the series Arcane League of Legends)","Arcane League of Legends (Soundtrack from the Animated Series)","Ramsey",2021-11-20,230985,53,false,,2024-11-17T20:36:00Z,"","Riot Games",0.365,0.318,10,-11.775,0,0.036,0.663,0.000622,0.101,0.0489,164.885,4
spotify:track:1F8JaJAvyvjlNvvXFqjw0u,"What Have They Done To Us (from the series Arcane League of Legends)","Arcane League of Legends: Season 2 (from the series Arcane League of Legends)","Mako;Grey",2024-11-16,119160,0,false,,2024-11-17T20:26:58Z,"","Riot Games",0.397,0.343,6,-13.186,0,0.0311,0.834,0.00841,0.0924,0.128,120.189,4
spotify:track:5oi8dkse5YTnTSWm3XgMET,"Remember Me (from the series Arcane League of Legends)","Remember Me (from the series Arcane League of Legends)","d4vd;Arcane;League of Legends",2024-11-15,122053,62,false,,2024-11-17T20:18:59Z,"score","Riot Games",0.481,0.587,0,-7.572,0,0.0349,0.132,0.394,0.246,0.371,131.221,4
spotify:track:5tKj53xg4V0pRkWCpFk2J7,"Rebel Heart (from the series Arcane League of Legends)","Arcane League of Legends: Season 2 (from the series Arcane League of Legends)","Djerv",2024-11-16,171373,0,true,,2024-11-17T19:55:09Z,"norsk rock","Riot Games",0.274,0.962,0,-4.186,1,0.0927,0.0000296,0.287,0.469,0.142,203.068,4
spotify:track:1i2t55Ls2wNthz6QDUUfDC,"Temos Pena!","Temos Pena!","Nena",2024-11-15,194724,24,false,,2024-11-15T10:42:23Z,"","Nena",0.744,0.696,11,-4.51,1,0.147,0.467,0,0.118,0.935,116.145,4
spotify:track:3tgtlIvnnPoOj7ba7yuF9A,"Melhor de mim","Mundo","Mariza",2015-10-09,246813,51,false,,2024-10-31T19:49:47Z,"fado","Parlophone Portugal",0.752,0.377,5,-7.804,1,0.031,0.657,0,0.0967,0.337,97.455,3
spotify:track:1VamVCJejLZh212lNhygVw,"¿Y si lo hacemos? (feat. Valeria Castro)","La Jauría","Dani Fernández;Valeria Castro",2024-10-25,275848,65,false,,2024-10-27T17:05:17Z,"","WM Spain",0.49,0.615,11,-4.97,0,0.0636,0.0796,0,0.252,0.386,165.905,4
spotify:track:3DJJt0SVDtnqTVgfAWbvjG,"Todo cambia","La Jauría","Dani Fernández",2024-10-25,210127,64,false,,2024-10-27T16:50:01Z,"","WM Spain",0.678,0.721,9,-2.178,1,0.0389,0.00415,0.00000304,0.071,0.856,119.996,4
spotify:track:44RjNeuDpBGB0kWmRbUxyr,"Intervalo","Portugal Nº1","Per7ume;Rui Veloso",2013-02-14,231281,29,false,,2024-10-25T19:55:21Z,"fado","VIDISCO",0.541,0.616,9,-6.305,1,0.0244,0.244,0,0.171,0.404,71.999,4
spotify:track:1nnFZioZrw6CRfiUk8KIEE,"Sangue oculto","Rock In Rio Douro","GNR",1992,315533,45,false,,2024-10-25T19:41:03Z,"fado","Parlophone Portugal",0.525,0.781,9,-11.049,0,0.0417,0.0689,0.000351,0.34,0.382,127.939,4
spotify:track:2BPXgvwDUvWmIyKmutms0e,"portas do sol","ao fundo da rua","Nena",2022-11-18,227446,49,false,,2024-10-25T19:29:12Z,"","Sony Music Entertainment",0.522,0.278,3,-9.009,1,0.0326,0.684,0,0.112,0.323,148.202,3
spotify:track:0V80GWsSjGgFS68PtJbmLB,"Porto sentido","Rui Veloso","Rui Veloso",1986-12-11,270133,49,false,,2024-10-25T19:24:26Z,"fado","Parlophone Portugal",0.474,0.111,4,-17.592,1,0.0315,0.975,0.0000251,0.0962,0.121,75.909,4
spotify:track:5SAzlKLITMFQiAbl4l4WQO,"Não choro mais","Rua das marimbas","A garota não",2019-03-29,209495,0,false,,2024-10-25T11:00:46Z,"fado","Level:UP Distribution",0.313,0.269,7,-12.432,1,0.0332,0.874,0,0.378,0.543,86.013,4
spotify:track:1r6SGigDOOsQ7SlsbEoUFq,"Haute Couture","Deusa","Lookalike",2024-05-03,153840,0,false,,2024-10-23T14:30:01Z,"portuguese hip hop","Parlophone Portugal",0.799,0.632,5,-5.952,0,0.144,0.277,0,0.0535,0.481,139.971,4
spotify:track:6YUhJpDvpxpQRFTs3YWNYW,"Dias e noites","Labirinto","André Amaro",2024-05-10,209000,34,false,,2024-10-20T17:31:50Z,"fado","Sony Music Entertainment",0.575,0.46,5,-7.713,1,0.0553,0.698,0,0.223,0.507,104.377,4
spotify:track:2JzJMnvLuINjGLzagDnKMY,"Conversa","Trovador","Ivandro;António Zambujo",2024-02-16,174109,33,false,,2024-10-20T17:27:14Z,"portuguese hip hop,kizomba,zouk,fado","Ivandro",0.78,0.443,1,-7.514,1,0.0397,0.737,0,0.15,0.638,112.991,4
spotify:track:1aZfq7TK3tNl9XJLkOpwKw,"Zombie - Acoustic Version","Something Else","The Cranberries",2017-04-28,241560,70,false,,2024-10-07T16:43:28Z,"","BMG Rights Management (UK) Ltd.",0.469,0.427,4,-7.954,0,0.0242,0.00415,0.0000415,0.128,0.0833,84.009,4
spotify:track:1Jaah2tmN9Hv81A87KZ1MU,"Torn","Left Of The Middle","Natalie Imbruglia",1997-11-10,244666,82,false,,2024-10-07T16:40:57Z,"","RCA Records Label",0.575,0.886,5,-5.182,1,0.034,0.0647,0.000187,0.709,0.609,96.31,4
spotify:track:7EZC6E7UjZe63f1jRmkWxt,"Zombie","No Need To Argue (The Complete Sessions 1994-1995)","The Cranberries",1994-10-03,306440,20,false,,2024-09-30T14:56:15Z,"","Island Records",0.309,0.649,7,-8.994,1,0.035,0.0158,0.00591,0.367,0.312,166.915,4
spotify:track:6uqPBP6qP1W4fDk4QGiB4b,"NADA QUE DECIR","Lugar Paraíso","Nil Moliner;MARLENA",2023-10-27,213850,54,false,,2024-09-23T16:37:43Z,"","WM Spain",0.518,0.74,4,-5.389,1,0.362,0.176,0,0.115,0.538,157.944,4
spotify:track:2WWBXo8SVGSi3Z4oB7yQDi,"Sense Tu","Escapa't Amb Mi","Teràpia de Shock",2008-11-10,190906,52,false,,2024-09-13T10:08:30Z,"","RGB Suports",0.475,0.424,2,-7.495,1,0.0293,0.481,0,0.285,0.429,159.724,4
spotify:track:75fMooJ7uRJAvRT5vBzxoU,"Dia de Jogo","Campeões","Supporting",2021-07-01,222612,37,false,,2024-09-06T16:20:54Z,"","Supporting",0.424,0.887,9,-5.948,1,0.0504,0.00283,0,0.16,0.722,147.164,4
spotify:track:5I9KQmqIItry3MyRQSEKdO,"Em Qulquer Lugar e de Qualquer Maneira","E o Sporting Vai Jogar","Directivo Ultras XXI",2016,235560,31,false,,2024-09-06T16:02:47Z,"","Directivo Ultras XXI",0.549,0.807,8,-10,1,0.0356,0.000241,0.0697,0.102,0.332,129.943,4
spotify:track:71uKs3UuDIMwNNVPUNvhtD,"O Mundo Sabe Que... - Versão Estádio","O Mundo Sabe Que... (Versão Estádio)","Juve Leo",2024-05-08,108333,34,false,,2024-09-04T15:33:22Z,"","VIDISCO",0.566,0.553,0,-6.587,1,0.028,0.535,0,0.66,0.33,107.967,3
spotify:track:70JnnNNAxPjvZGPwjJfX47,"El Fin del Mundo","La la Love You Bonus","La La Love You;Axolotes Mexicanos",2020-12-11,188093,16,false,,2024-09-03T15:14:06Z,"","Subterfuge Records distributed by Altafonte",0.602,0.866,4,-4.594,1,0.0471,0.000856,0,0.094,0.677,127.052,4
spotify:track:1AvavliFQoc2l0ZCCWa5VG,"Slide Away - Remastered","Definitely Maybe (Deluxe Edition Remastered)","Oasis",1994,392306,66,false,,2024-09-03T14:51:10Z,"britpop,madchester","Big Brother Recordings Ltd",0.0657,0.943,8,-2.71,1,0.138,0.000114,0.00016,0.313,0.264,190.555,4
spotify:track:5ppADN6WbBHCglJPN6oqII,"aunque no digas nada","AUNQUE NO DIGAS NADA","MELER",2024-07-04,182969,46,false,,2024-09-03T14:31:45Z,"","Meler",0.539,0.816,9,-3.231,1,0.064,0.00927,0,0.132,0.735,91.763,4
spotify:track:7EPbhSCvCjCuGhPw6xqSi5,"En Qué Estrella Estará","En Qué Estrella Estará","Miki Martz",2024-08-16,126500,48,false,,2024-09-03T14:28:44Z,"flamenco pop","Miki Martz",0.62,0.418,2,-11.061,1,0.227,0.257,0,0.147,0.542,170.057,4
spotify:track:3ztnp89aCU5OMQBlbIkEI8,"Pequeña Gran Revolución","Copacabana","IZAL",2015-09-18,275493,5,false,,2024-08-29T14:11:25Z,"indie","Hook Ediciones Musicales",0.578,0.791,9,-5.758,1,0.0315,0.0975,0.0000558,0.118,0.162,105.042,4
spotify:track:7DWdXzOd51bJPInMTYLuMb,"Sol","do.mar","Van Zee",2023-12-01,220336,49,false,,2024-08-28T10:12:51Z,"portuguese hip hop","Van Zee",0.752,0.43,2,-11.386,1,0.231,0.869,0.0865,0.133,0.0962,98.011,4
spotify:track:4wwz9Ft24R5WOgWpZSOIo5,"Take All Your Things","Take All Your Things","St Woods",2020-05-05,216200,26,false,,2024-08-27T09:35:14Z,"","St Woods",0.648,0.187,7,-11.204,1,0.0274,0.87,0.0000941,0.0979,0.239,95.104,4
spotify:track:7CCbwO2bTJYavz61WU8OsK,"CHIQUITINHA","CHIQUITINHA","MARO;NASAYA",2024-08-09,160000,14,false,,2024-08-27T09:23:25Z,"stutter house","SECCA Records",0.726,0.662,4,-8.61,0,0.035,0.459,0.253,0.251,0.0813,107.998,4
spotify:track:3HMY0r2BAdpasXMY8rseR0,"Too Sweet","Unheard","Hozier",2024-03-22,251424,76,false,,2024-08-26T14:06:21Z,"","Rubyworks / Universal-Island Records Ltd.",0.741,0.62,10,-5.505,1,0.0412,0.0295,0.000809,0.0398,0.934,117.038,4
spotify:track:4gN0i4YSo25R8p5iHlw1rW,"Mundo","De Sombra A Sombra","Milhanas",2023-05-26,146000,31,false,,2024-08-26T13:44:00Z,"fado","Sons Em Trânsito",0.444,0.209,0,-13.268,1,0.0294,0.787,0.00203,0.108,0.281,97.347,3
spotify:track:08pbRBstuvH7ArRxeb8fwT,"Hasta Aquí Llegué","Hasta Aquí Llegué","Nanpa Básico;Beéle",2024-07-18,188887,71,false,,2024-08-26T12:42:48Z,"mexican hip hop,latin hip hop,latin afrobeats,reggaeton","5020 Records",0.641,0.657,11,-8.338,0,0.218,0.538,0,0.106,0.411,100.016,4
spotify:track:2kaHorrtVLo9brE37NQvGa,"Esta soy yo","El sueño de Morfeo (reedicion)","El Sueño de Morfeo",2005-03-07,259253,59,false,,2024-08-17T17:50:44Z,"","DRO/Spain",0.654,0.821,5,-4.163,1,0.0352,0.187,0,0.485,0.554,112.058,4
spotify:track:4hTXeWayUVMwoz6v1CviSN,"Copacabana","Copacabana","IZAL",2015-07-14,216566,8,false,,2024-08-09T19:36:55Z,"indie","Altafonte under exclusive license from Hook Ediciones Musicales",0.62,0.81,9,-7.194,0,0.0485,0.0093,0.00000451,0.207,0.512,144.924,4
spotify:track:482Wu4eQopaRuSkFDNeVjs,"Agosto","Conexiones Artificiales","Pol 3.14;IZARO",2019-05-17,254442,25,false,,2024-08-09T13:23:42Z,"","La Cupula Music",0.508,0.823,0,-6.502,1,0.0439,0.00851,0.0165,0.0967,0.441,130.054,4
spotify:track:0YSaKC66FGCWLxM9SoQA1f,"Nada que perder","Anunciado en Television","Pignoise",2006-04-10,197600,61,false,,2024-08-07T14:56:03Z,"","DRO/Spain",0.549,0.902,7,-2.352,1,0.0563,0.0025,0.00000419,0.0508,0.775,154.095,4
spotify:track:35I2E525yJpUQ5ZJgfxizT,"Harpy Hare","Harpy Hare","Yaelokre",2024-01-04,180922,3,false,,2024-08-05T14:08:22Z,"","Independent",0.645,0.533,2,-11.65,1,0.0351,0.644,0.00000708,0.2,0.349,130.02,4
spotify:track:6WatFBLVB0x077xWeoVc2k,"Si Antes Te Hubiera Conocido","Si Antes Te Hubiera Conocido","KAROL G",2024-06-21,195824,84,false,,2024-08-05T13:56:25Z,"reggaeton,latin,urbano latino","Bichota/Interscope Records",0.924,0.668,11,-6.795,1,0.0469,0.446,0.000594,0.0678,0.787,128.027,4
spotify:track:1fTjqf10accJCDYstPwwZ6,"OHNANA","OHNANA","Kapo",2024-06-06,156577,75,false,,2024-08-05T13:55:28Z,"latin afrobeats","Sony Music Latin/La Industria",0.775,0.581,1,-3.621,0,0.108,0.617,0.00000833,0.0957,0.658,104.977,4
spotify:track:0vF9TaEJHO0Zm1ejF7AGC0,"Yo pensaba que me había tocado Dios","Yo pensaba que me había tocado Dios","Barry B;Carolina Durante",2024-07-11,206099,54,false,,2024-08-05T13:44:01Z,"","Universal Music Spain S.L.",0.498,0.72,0,-7.812,1,0.047,0.0958,0.0000254,0.243,0.406,164.916,4
spotify:track:15tDDogDQ8kOcs5b6G2bN5,"Antiaéreo","Antiaéreo","Arde Bogotá",2020-03-02,184000,59,false,,2024-08-01T20:25:36Z,"indie","Sony Music Entertainment",0.538,0.938,2,-4.894,1,0.03,0.000508,0.214,0.408,0.735,130.008,4
spotify:track:0txzIz1WcoAn6m07xypcD5,"La Salvación","COWBOYS DE LA A3","Arde Bogotá",2023-05-12,263942,70,false,,2024-08-01T19:13:24Z,"indie","Sony Music Entertainment",0.505,0.688,11,-5.556,1,0.0333,0.0264,0.000534,0.107,0.308,159.913,4
spotify:track:0j04MKbfBgXLMu3xc3VoIu,"El Viaje Comienza Aquí","El Viaje Comienza Aquí","Pol 3.14",2022-03-20,202153,0,false,,2024-07-23T19:47:37Z,"","El Rugido distributed by Altafonte",0.587,0.774,7,-5.24,1,0.0466,0.0391,0,0.105,0.402,129.971,4
spotify:track:1oVsCWIwjVF2k6NHkeq4rM,"Te Lo Dije de Verdad","Te Lo Dije de Verdad","Paula Mattheus",2021-05-20,188533,1,false,,2024-07-23T14:53:57Z,"","Sin Anestesia distributed by Altafonte",0.692,0.637,0,-6.114,1,0.0562,0.171,0,0.0575,0.479,149.984,4
spotify:track:5EbtodsuLbxrFDH6j5avVS,"El Mismo Aire - con Pablo Alborán","El Mismo Aire (con Pablo Alborán)","Camilo;Pablo Alborán",2020-06-10,188213,73,false,,2024-07-19T14:12:29Z,"colombian pop,pop urbano,latin pop","Sony Music Latin",0.483,0.492,0,-6.591,0,0.295,0.603,0,0.323,0.66,144.511,4
spotify:track:75KrTLbcLWgCcldZGxZR12,"Ojalá","Prisma","Beret",2019-10-25,218861,67,false,,2024-07-16T08:25:54Z,"","WM Spain",0.615,0.622,5,-7.198,1,0.209,0.328,0,0.162,0.449,77.28,4
spotify:track:3JVTy6WXdawAIGG1G80bqh,"4-4-4","4-4-4","Easy B;YINIH",2024-07-12,363913,1,false,,2024-07-14T16:04:26Z,"portuguese hip hop","Move Music",0.66,0.755,10,-3.885,1,0.23,0.31,0,0.132,0.432,91.775,4
spotify:track:0M0a2E5H8pUmqDHs0A4931,"Fall At Your Feet (with Dean Lewis)","Fall At Your Feet (with Dean Lewis)","CYRIL;Dean Lewis",2024-07-12,143976,66,false,,2024-07-14T15:59:10Z,"","Spinnin' Records",0.607,0.638,0,-7.26,0,0.0547,0.176,0.00000383,0.775,0.15,123.894,4
spotify:track:4A006qfhftf2y12JKLyxoK,"Amigos Coloridos","Amigos Coloridos","Bandidos do Cante",2024-07-12,224478,51,false,,2024-07-14T15:28:49Z,"fado","Maktub Art Group",0.492,0.397,7,-12.167,1,0.0626,0.877,0.0000408,0.0943,0.376,114.96,4
spotify:track:1aEIMkzqWXK7Hao7rBFCgv,"Beijinho","Beijinho","Guga",2024-07-12,155100,0,false,,2024-07-14T15:25:12Z,"portuguese hip hop","808",0.784,0.704,7,-9.346,1,0.0791,0.0675,0.00000433,0.198,0.693,137.048,4
spotify:track:509CUFQtHu6p5PULNw6D5t,"SINAIS","SINAIS","MUN;Catarina Filipe;Cunha Beats",2024-07-12,206392,0,false,,2024-07-14T15:16:29Z,"portuguese hip hop","Take Off Management",0.433,0.303,11,-11.319,0,0.0496,0.9,0.00000395,0.114,0.218,71.766,3
spotify:track:1GGpgUDxD5bjEq0OSEDTvc,"No Vas a Encontrar","No Vas a Encontrar","Jalil Lopez;R.K.M.",2024-06-21,192253,55,true,,2024-07-14T15:06:39Z,"bachata","RMG",0.746,0.703,9,-5.692,0,0.0584,0.465,0,0.22,0.943,129.967,4
spotify:track:57f0ili5EzdZlEaSKcEg8p,"Tu Silueta","Tu Silueta","Diegote",2024-07-12,170480,60,false,,2024-07-14T15:05:44Z,"","DALE PLAY Records",0.718,0.769,8,-3.921,1,0.246,0.11,0,0.0778,0.543,103.903,4
spotify:track:1hbWtHgRDG25DkmxE4I28V,"Puedes Contar Conmigo","Lo Que Te Conte Mientras Te Hacias La Dormida","La Oreja de Van Gogh",2003,236786,75,false,,2024-07-13T18:06:21Z,"latin pop","Columbia",0.651,0.894,6,-4.843,1,0.0317,0.0706,0,0.13,0.561,144.95,4
spotify:track:76UobMGukzzmaCFH8SWYvB,"Bipolar","Bipolar","Pol 3.14",2010-01-26,262111,0,false,,2024-07-04T17:44:56Z,"","Globomedia Música distributed by Altafonte",0.559,0.754,8,-6.487,1,0.0349,0.00342,0,0.092,0.48,120.057,4
spotify:track:0Wb8sPg5hVeroHV6n1oY9F,"Viaje Sin Vuelta","Viaje Sin Vuelta","Paula Mattheus;Pol 3.14",2021-02-18,200739,3,false,,2024-07-04T16:49:48Z,"","Sin Anestesia bajo licencia exclusiva de Paula Mattheus distributed by Altafonte",0.681,0.805,0,-4.597,1,0.0343,0.227,0.00271,0.0727,0.273,131.99,4
spotify:track:5PycBIeabfvX3n9ILG7Vrv,"Propuesta Indecente","Fórmula, Vol. 2 (Deluxe Edition)","Romeo Santos",2014-02-25,235133,83,false,,2024-07-03T14:57:00Z,"bachata,latin","Sony Music Latin",0.757,0.632,2,-6.83,1,0.0549,0.499,0,0.0723,0.742,122.936,4
spotify:track:45tezZNRHo7GLURZfPFTW4,"Profundidad","Que Esperas (Versión Exclusiva)","Coti",2015-03-17,250053,0,false,,2024-06-30T20:18:44Z,"argentine rock,latin pop","Universal Music Group",0.499,0.839,9,-6.005,1,0.0367,0.0899,0,0.138,0.511,86.002,4
spotify:track:4mJ6447QVzn0VgrGgz7XKt,"Puede","El sueño de Morfeo (reedicion)","El Sueño de Morfeo",2005-03-07,194160,38,false,,2024-06-30T20:12:27Z,"","DRO/Spain",0.41,0.962,4,-3.455,1,0.143,0.0182,0,0.407,0.637,192.201,4
spotify:track:4OrqHdEd7N2qfK8Ef6Vwrp,"En Nuestro Retrovisor","Jóvenes Eternamente","Pol 3.14",2012-06-05,234196,0,false,,2024-06-30T19:54:15Z,"","Globomedia Música distributed by Altafonte",0.602,0.808,9,-5.217,0,0.0428,0.218,0.0000171,0.214,0.617,126.923,4
spotify:track:7y7wBlwoftRZQIWcFGv0IY,"Jóvenes Eternamente","Jóvenes Eternamente","Pol 3.14",2012-06-05,267645,3,false,,2024-06-30T19:43:44Z,"","Globomedia Música distributed by Altafonte",0.49,0.507,11,-5.799,1,0.0286,0.43,0.0000703,0.113,0.396,146.034,4
spotify:track:4FyiXeYRQHWH1AxS2LGZRO,"Piensa","Pol 3.14","Pol 3.14",2010-06-01,268746,0,false,,2024-06-30T19:05:44Z,"","Globomedia Música distributed by Altafonte",0.583,0.698,8,-6.236,1,0.0302,0.0637,0.0000564,0.104,0.651,95.002,4
spotify:track:5i1ckaduJ5lMO5wRawsuMp,"Ava","We Fam Econo","Famy",2012,238240,43,false,,2024-06-27T14:58:01Z,"","Transgressive Records",0.433,0.772,0,-6.371,1,0.0382,0.0498,0.0159,0.12,0.368,155.988,4
spotify:track:0FLh1ZDsjnoACzBrAVjXT2,"Todo Contigo","UNO","Álvaro De Luna",2023-09-29,165527,64,false,,2024-06-27T13:13:06Z,"","WM Spain",0.587,0.732,8,-5.288,1,0.0378,0.000739,0,0.0846,0.656,119.938,4
spotify:track:3zO9cLATUDeVeTHyNQsd51,"Niños Perdidos","Niños Perdidos","Diegote",2023-12-15,165383,11,true,,2024-06-26T13:29:34Z,"","Arena Rage",0.543,0.679,6,-6.531,0,0.104,0.264,0,0.246,0.128,175.965,4
spotify:track:5bigDcuPOOJCkSpDpzYIES,"A veces pienso en dejar de pensar","A veces pienso en dejar de pensar","Diegote",2023-06-21,175813,42,false,,2024-06-26T13:29:33Z,"","Diegote",0.509,0.61,9,-9.812,0,0.19,0.0632,0,0.557,0.225,81.769,4
spotify:track:6nu6kufU99W9Laz1hKyewW,"Costumbres","Costumbres","Diegote",2023-05-15,183455,45,false,,2024-06-26T13:29:32Z,"","Diegote",0.493,0.571,4,-8.856,0,0.177,0.347,0,0.448,0.0793,92.518,4
spotify:track:3EFh2S72tGRCELReUmWjuN,"Dynasty - Orchestral Version","Dynasty (Orchestral Version)","MIIA",2024-06-21,236203,45,false,,2024-06-25T17:35:52Z,"","Epic Amsterdam",0.451,0.364,8,-6.668,0,0.0312,0.66,0,0.164,0.234,123.383,4
spotify:track:2FqTbwiogEVvZnkarPf5BV,"HOLA PERDIDA REMIX","HOLA PERDIDA REMIX","Luck Ra;Maluma;KHEA",2024-05-31,201030,62,false,,2024-06-25T15:17:26Z,"cuarteto,cumbia,argentine trap,reggaeton,latin,urbano latino,trap,trap latino","Sony Music Entertainment Chile S.A",0.479,0.802,2,-4.605,0,0.0719,0.176,0,0.258,0.763,149.06,4
spotify:track:1o9JJeBKlVxQ9O4j5Qd4Vh,"Give Me Everything - Stripped Down","Sequēns","Archer Marsh",2022-12-01,132096,69,false,,2024-06-25T15:09:34Z,"","CO-LAB",0.485,0.302,3,-6.704,1,0.101,0.768,0.049,0.0755,0.246,160.947,5
spotify:track:5z2MwP7ajltQdy6aaq878q,"Por Si Mañana No Estoy","Por Si Mañana No Estoy","Samuraï",2024-06-06,154509,34,false,,2024-06-25T15:06:56Z,"","Universal Music Spain S.L.",0.482,0.824,6,-4.699,0,0.0787,0.000155,0.0000469,0.333,0.66,175.066,4
spotify:track:5whdmVRrXZ1dU2DWkNc5vn,"Me Presento","Me Presento","Paula Mattheus",2024-06-07,204533,0,false,,2024-06-25T15:02:29Z,"","Sin Anestesia distributed by Altafonte",0.65,0.488,10,-4.523,1,0.048,0.787,0,0.101,0.405,145.888,4
spotify:track:5oRbyHwMdgnCZhgqlubRiB,"RUEDA","EL TIBURÓN","Rvfv;David Bisbal",2024-05-31,213120,0,false,,2024-06-25T10:42:31Z,"flamenco urbano,flamenco,latin pop,villancicos","NASTU MUSIC distributed by Altafonte",0.761,0.633,0,-6.99,0,0.0341,0.209,0.0000398,0.509,0.637,125.024,4
spotify:track:4KCN2QYCl8zs0zpxoIRt60,"Malicia","Torii Yama","DELLAFUENTE;AMORE",2024-06-14,177500,51,false,,2024-06-25T10:32:23Z,"flamenco urbano,flamenco,neoperreo","MAAS",0.67,0.545,0,-10.275,0,0.0894,0.216,0.0208,0.344,0.444,123.022,4
spotify:track:04CaORISAYMJV4ONCOvl82,"Si las Luces Se Apagaran","Si las Luces Se Apagaran","Diegote",2023-02-16,177389,47,false,,2024-06-25T10:28:16Z,"","Diegote",0.504,0.628,11,-5.01,0,0.26,0.259,0,0.115,0.637,92.365,4
spotify:track:5pVJ3IlnpIorU44oXizzG5,"orióN","orióN","Boza;ELENA ROSE",2024-05-29,240964,74,false,,2024-06-24T15:48:31Z,"reggaeton,latin afrobeats,urbano latino","Sony Music Latin",0.857,0.705,1,-4.775,1,0.183,0.322,0.00249,0.197,0.874,105.011,4
spotify:track:0SoBfYjQHvL6cuWHtPUYnq,"Hoy","Hoy","Valentino Merlo;The La Planta",2024-05-22,198495,71,false,,2024-06-24T14:55:18Z,"cuarteto,cumbia,rkt,turreo","TLP Records",0.451,0.711,11,-4.612,1,0.0426,0.24,0,0.154,0.661,176.161,4
spotify:track:1pHZf30WYm6CQukt7TvNPM,"Segundos Platos","SI AYER FUERA HOY","Morat",2022-11-04,184666,71,false,,2024-06-20T09:41:23Z,"colombian pop,latin pop","Universal Music Spain S.L.",0.555,0.744,7,-5.278,1,0.0411,0.0489,0,0.0924,0.664,90.055,4
spotify:track:00QBHaaP4KUcjlmxWriMbC,"Más De Lo Que Aposté","Más De Lo Que Aposté","Aitana;Morat",2020-07-30,205031,68,false,,2024-06-18T10:59:10Z,"colombian pop,latin pop","Universal Music Spain S.L.",0.621,0.918,1,-3.01,0,0.0552,0.0754,0,0.13,0.834,151.988,4
spotify:track:5R2hNuiiwnKVAUNktF9j2Y,"mariposas","mariposas","sangiovanni;Aitana",2022-06-02,154000,63,false,,2024-06-14T18:50:58Z,"","Universal Music Italia srL. (Sugar)",0.692,0.75,0,-4.328,0,0.0411,0.145,0,0.133,0.443,120.037,4
spotify:track:7nHUD2xhqkehsYk3PT6QDs,"Presiento","Presiento","Morat;Aitana",2019-04-12,174379,53,false,,2024-06-14T18:50:54Z,"colombian pop,latin pop","Universal Music Spain S.L.",0.711,0.727,2,-3.15,1,0.162,0.168,0,0.296,0.465,180.039,4
spotify:track:6CBbFy5JbHykZOOQcsv7Pv,"Mil Tormentas","Sobre El Amor Y Sus Efectos Secundarios... Y Unas Cuantas Cosas Más (Edición Especial)","Morat;Cali Y El Dandee",2017-06-23,233440,45,false,,2024-06-14T17:57:56Z,"colombian pop,latin pop,pop urbano","Universal Music Spain S.L.",0.414,0.592,11,-5.745,1,0.0586,0.602,0,0.0932,0.513,143.945,4
spotify:track:21Tzyc6OYFvtWjKrhZ0cTB,"Cómo Te Atreves","Sobre El Amor Y Sus Efectos Secundarios... Y Unas Cuantas Cosas Más (Edición Especial)","Morat",2017-06-23,240560,50,false,,2024-06-13T16:37:09Z,"colombian pop,latin pop","Universal Music Spain S.L.",0.617,0.888,4,-4.567,1,0.0402,0.0705,0,0.162,0.771,130.97,4
spotify:track:5uQ7de4EWjb3rkcFxyEOpu,"Belong Together","Belong Together","Mark Ambor",2024-02-16,148317,76,false,,2024-06-13T13:09:02Z,"","Hundred Days Records, LLC",0.646,0.668,2,-5.203,1,0.0282,0.491,0,0.212,0.64,90.969,4
spotify:track:2GxrNKugF82CnoRFbQfzPf,"i like the way you kiss me","i like the way you kiss me","Artemas",2024-03-19,142514,81,false,,2024-06-13T09:53:47Z,"","Artemas",0.599,0.946,11,-4.263,1,0.0447,0.000938,0.0106,0.0826,0.747,151.647,4
spotify:track:0Fd3900xH77g0ARXQjtYvV,"Quién Diría","Quién Diría","DePol",2022-04-08,183898,7,false,,2024-06-11T16:55:10Z,"","PIES Compañía Discográfica distributed by Altafonte",0.586,0.874,7,-2.801,0,0.0345,0.0177,0.00000377,0.086,0.796,150.063,4
spotify:track:4Q1oBLFPK9R4eUHkNlihlF,"506","SI AYER FUERA HOY","Morat;Juanes",2022-11-04,180552,69,false,,2024-06-11T16:40:20Z,"colombian pop,latin pop,rock en español","Universal Music Spain S.L.",0.543,0.876,0,-4.889,1,0.0494,0.00811,0,0.338,0.637,142.995,4
spotify:track:6tZI1nTl6m40HG5Rs7QuHL,"El Principio de algo","Blockbuster","La La Love You;Samuraï",2023-05-05,147907,13,false,,2024-06-11T16:23:37Z,"","Subterfuge Records distributed by Altafonte",0.615,0.914,6,-3.793,1,0.0518,0.0155,0,0.4,0.734,141.106,4
spotify:track:4mIc3AQWkqLb2LVjkVKv4K,"Faltas Tú","Faltas Tú","Morat",2024-04-05,201836,64,false,,2024-06-11T16:02:19Z,"colombian pop,latin pop","Universal Music Spain S.L.",0.583,0.833,0,-2.858,1,0.0311,0.0456,0,0.18,0.743,146.984,4
spotify:track:0uOxKY91hTmnJOxGPGpJtd,"Todo cambia","Todo cambia","Dani Fernández",2024-01-18,210127,56,false,,2024-06-11T15:50:26Z,"","WM Spain",0.678,0.721,9,-2.178,1,0.0389,0.00415,0.00000304,0.071,0.856,119.996,4
spotify:track:5hcPfsdrll5xNkY8W2kxhn,"Me Sabe Mal","1000 Primeras Veces","MARLENA",2023-01-27,196225,7,false,,2024-06-11T15:47:48Z,"","Sin Anestesia distributed by Altafonte",0.604,0.569,7,-5.828,1,0.0378,0.11,0,0.14,0.556,99.313,4
spotify:track:71iAechwVKGu26pahzFL0k,"Cuando Nadie Ve","Balas Perdidas","Morat",2018-10-25,219586,79,false,,2024-06-09T17:00:31Z,"colombian pop,latin pop","Universal Music Spain S.L.",0.806,0.778,1,-4.577,0,0.0616,0.133,0,0.218,0.84,95.993,4
spotify:track:7M6CFruBrM5x7u0lTMtm6r,"Cómo Te Atreves","Sobre El Amor Y Sus Efectos Secundarios","Morat",2016-06-17,240560,76,false,,2024-06-09T16:56:48Z,"colombian pop,latin pop","Universal Music Spain S.L.",0.617,0.888,4,-4.567,1,0.0402,0.0705,0,0.162,0.771,130.97,4
spotify:track:45M8WjgpG9SwEASZulPqCT,"Sitio Onde Nunca Sai","Último a Sair","Alcool Club;Uno;Sara D. Francisco",2021-03-27,258000,45,false,,2024-06-07T18:58:21Z,"portuguese hip hop,progressive rock","ARTESANACTO",0.654,0.492,11,-8.593,0,0.0987,0.791,0,0.132,0.556,79.306,4
spotify:track:5H7E0UH2F8drwjoz9ufPQm,"Mi Nuevo Vicio","Sobre El Amor Y Sus Efectos Secundarios","Morat",2016-06-17,237360,65,false,,2024-06-07T17:22:23Z,"colombian pop,latin pop","Universal Music Spain S.L.",0.665,0.804,9,-4.908,1,0.0343,0.277,0,0.182,0.889,143.956,4
spotify:track:4r4bK5oNVjbeAF5XsKEw9s,"Clavaito","¡Agua!","Chanel;Abraham Mateo",2024-01-12,162734,56,false,,2024-06-07T15:10:07Z,"bachata","Sony Music Entertainment",0.863,0.664,3,-3.902,0,0.0666,0.0427,0,0.0501,0.701,133.028,4
spotify:track:5ELjObPQmX3gG06NukBFzr,"Akureyri","Akureyri","Aitana;Sebastian Yatra",2024-04-25,194400,66,false,,2024-06-07T15:02:12Z,"colombian pop,reggaeton","Universal Music Spain S.L.",0.53,0.4,8,-7.128,1,0.0288,0.405,0,0.0827,0.523,149.718,4
spotify:track:3DoQI6dr5XDc7hChrkA1lD,"0 CONFIANZA","EL TIBURÓN","Rvfv;Morad",2024-05-31,217500,0,false,,2024-06-07T15:00:38Z,"flamenco urbano,flamenco","NASTU MUSIC distributed by Altafonte",0.708,0.629,4,-5.487,0,0.042,0.126,0.0000583,0.151,0.393,96.021,3
spotify:track:054BhpaxELmhu24ECqU8un,"SORT DE TU","Fruit del Deliri","Oques Grasses",2024-04-12,167764,8,false,,2024-06-07T14:44:55Z,"","Halley Records distributed by Altafonte",0.475,0.267,3,-13.581,1,0.0666,0.92,0.000315,0.104,0.563,110.238,5
spotify:track:4YxdZlP0WP4QXgUqqApvBo,"COR PETIT","COR PETIT","Pol Bordas;Figa Flawas;Scotty DK",2024-05-17,146924,40,false,,2024-06-07T14:41:45Z,"","Cycling Records",0.854,0.682,9,-7.261,0,0.0708,0.249,0,0.214,0.883,135.078,4
spotify:track:7ulBZOeFHaCeN2ubZxHxsg,"Potra Salvaje","La Potra Salvaje","Isabel Aaiún",2024-02-09,199624,6,false,,2024-06-07T14:38:03Z,"flamenco pop,flamenco","Níquel Records distributed by Altafonte",0.674,0.775,2,-3.99,0,0.0418,0.315,0,0.102,0.704,133.054,4
spotify:track:3Vr3zh0r7ALn8VLqCiRR10,"Stargazing","Stargazing","Myles Smith",2024-05-10,172533,87,false,,2024-06-07T14:34:14Z,"","RCA Records Label",0.635,0.601,1,-6.129,0,0.0295,0.246,0,0.11,0.332,123.994,4
spotify:track:5TMLavqGRKNxgzMBrVpC9R,"Mon Amour - Remix","Mon Amour (Remix)","zzoilo;Aitana",2021-08-18,179940,78,false,,2024-06-07T14:26:05Z,"latin pop","Universal Music Spain S.L.",0.748,0.761,2,-6.621,1,0.102,0.122,0.00000656,0.0984,0.362,116.041,4
spotify:track:1HCwbTHBvC4XCIC417NB5k,"CLICK BOOM!","RADIO SAKURA","Rose Villain",2024-03-08,225561,61,false,,2024-06-07T14:02:54Z,"italian trap","Warner Music",0.774,0.681,5,-4.452,1,0.0433,0.535,0,0.0997,0.432,126.025,4
spotify:track:371l4ekF9cDC2D5WuuabU6,"TUTA GOLD","NEI LETTI DEGLI ALTRI","Mahmood",2024-02-15,178467,0,true,,2024-06-07T13:58:36Z,"","Universal Music Italia srL.",0.743,0.747,9,-6.925,0,0.05,0.644,0.000938,0.179,0.787,123.037,4
spotify:track:0lXVWzLwDnKB7Ro5p0AJPg,"COME UN TUONO (feat. Guè)","RADIO SAKURA","Rose Villain;Guè",2024-03-08,175293,66,true,,2024-06-07T10:21:42Z,"italian trap,concerto","Warner Music",0.792,0.623,2,-4.613,1,0.0802,0.446,0,0.124,0.757,140.045,4
spotify:track:5LDmD4cFF0C8BCf3tVvyBW,"Beatrice (feat. Annalisa)","La Divina Commedia (Deluxe)","Tedua;Annalisa",2024-05-24,183500,64,false,,2024-06-07T10:21:01Z,"italian trap,concerto","Epic",0.721,0.799,1,-8.016,1,0.106,0.25,0.00000678,0.117,0.564,89.94,4
spotify:track:62k8iliO7KTiYp7LWGPa5p,"X'CLUSIVO - REMIX","X'CLUSIVO (REMIX)","Gonzy;SAIKO;Arcángel",2024-02-29,208133,5,true,,2024-06-07T10:17:33Z,"reggaeton,trap latino,urbano latino","Virgin Music Latin / Visonare Recordings, LLC",0.813,0.552,6,-6.328,1,0.0769,0.0702,0.000195,0.0542,0.773,146.953,4
spotify:track:2OzhQlSqBEmt7hmkYxfT6m,"Fortnight (feat. Post Malone)","THE TORTURED POETS DEPARTMENT","Taylor Swift;Post Malone",2024-04-18,228965,83,false,,2024-06-06T16:29:22Z,"","Taylor Swift",0.504,0.386,11,-10.976,1,0.0308,0.502,0.0000153,0.0961,0.281,192.004,4
spotify:track:5Z0UnEtpLDQyYlWwgi8m9C,"Too Sweet","Unreal Unearth: Unheard","Hozier",2024-03-22,251424,9,false,,2024-06-06T16:29:20Z,"","Rubyworks / Universal-Island Records Ltd",0.741,0.62,10,-5.505,1,0.0412,0.0295,0.000809,0.0398,0.934,117.038,4
spotify:track:6vBuEFImAx36hDYiYqBtkZ,"Alô","O Próprio","Dillaz;Plutonio",2024-02-16,211714,59,false,,2024-06-06T16:29:13Z,"portuguese hip hop,punta","Dillaz",0.569,0.56,9,-7.768,0,0.13,0.691,0.000038,0.293,0.754,139.716,4
spotify:track:0fPOFtS7ZylYKcC9b64cSj,"Tata","Afro Fado","Slow J",2023-11-24,159751,57,false,,2024-06-06T16:29:11Z,"portuguese hip hop","Slow J",0.571,0.718,5,-4.836,1,0.425,0.771,0.0298,0.104,0.491,92.023,4
spotify:track:0VybBobSYSzliyEJ1VqwGR,"Problemas de um Milionário","Problemas de um Milionário","WIU;Teto",2024-04-10,144360,63,true,,2024-06-06T16:29:05Z,"brazilian trap,trap,trap funk,brazilian hip hop","30PRAUM",0.93,0.484,2,-5.486,1,0.259,0.355,0.0000684,0.0922,0.747,133.03,4
spotify:track:2qSkIjg1o9h3YT9RAgYN75,"Espresso","Espresso","Sabrina Carpenter",2024-04-12,175459,86,true,,2024-06-06T16:02:47Z,"pop","Island Records",0.701,0.76,0,-5.478,1,0.0285,0.107,0.0000654,0.185,0.69,103.969,4
spotify:track:6RjSXi9cPGroetXeNsWFGL,"MTG QUEM NÃO QUER SOU EU","MTG QUEM NÃO QUER SOU EU","DJ TOPO;Seu Jorge;Mc Leozin;MC G15",2024-05-10,123692,65,false,,2024-06-06T15:36:13Z,"brazilian funk,mpb,samba,pagode,funk de bh","DJ TOPO",0.492,0.427,9,-6.37,0,0.372,0.364,0.00482,0.53,0.443,80.492,5
spotify:track:68qjM8nSoUj8YQOJuu6hZ8,"YO LO SOÑÉ","SAKURA","SAIKO;Omar Montes",2024-04-26,175456,55,false,,2024-06-06T13:55:17Z,"flamenco,flamenco urbano,flamenco pop","2024 SAIKONETA",0.549,0.707,6,-3.439,0,0.151,0.424,0,0.326,0.549,131.887,4
spotify:track:6TTkgmwbCnz8Y4oiUdzmtD,"Sobredosis","Sobredosis","Íñigo Quintero",2023-02-10,156560,61,false,,2024-06-06T09:35:03Z,"","Acqustic",0.596,0.359,10,-10.138,0,0.0725,0.848,0,0.112,0.291,125.415,4
spotify:track:6xqQDwzjswlToEEHgvA3KM,"1000COSAS","1000COSAS","Lola Indigo;Manuel Turizo",2024-03-07,239482,61,false,,2024-06-05T10:19:46Z,"reggaeton,colombian pop,latin,pop urbano","Universal Music Spain S.L.",0.697,0.74,6,-4.717,0,0.0397,0.0132,0.000155,0.117,0.331,131.938,4
spotify:track:3tt9i3Hhzq84dPS8H7iSiJ,"La Bachata","2000","Manuel Turizo",2023-03-17,162637,81,false,,2024-06-05T10:09:49Z,"reggaeton,colombian pop,latin,pop urbano","Sony Music Latin/La Industria",0.835,0.679,7,-5.329,0,0.0364,0.583,0.00000198,0.218,0.85,124.98,4
spotify:track:1O1VvCshhDw3XIOOcfLziL,"La Vida Sin Ti","a new star (1 9 9 3)","Rels B;Lia Kali",2024-04-26,164470,67,false,,2024-06-05T09:52:17Z,"urbano latino,trap latino","DALE PLAY Records / Flakk Team",0.642,0.388,0,-7.807,1,0.476,0.47,0,0.0923,0.25,81.231,4
spotify:track:5YUyW9opqNsMSEzzecZih1,"X","Intimo","Nicky Jam;J Balvin",2019-11-01,172854,77,false,,2024-06-05T09:43:47Z,"reggaeton,latin","Sony Music Latin",0.594,0.749,9,-5.298,0,0.056,0.0338,0.00106,0.3,0.694,179.968,4
spotify:track:7iUtQNMRB8ZkKC4AmEuCJC,"LA FALDA","LVEU: VIVE LA TUYA...NO LA MIA","Myke Towers",2023-09-18,174229,76,true,,2024-06-05T09:37:28Z,"reggaeton,trap latino,urbano latino","WEA Latina",0.8,0.738,7,-4.26,1,0.0691,0.372,0.00877,0.19,0.267,103.008,4
spotify:track:2HafqoJbgXdtjwCOvNEF14,"Si No Estás","Si No Estás","Íñigo Quintero",2022-09-23,184061,80,false,,2024-06-05T09:14:06Z,"","Acqustic",0.537,0.421,5,-8.72,1,0.0285,0.827,0,0.138,0.524,98.224,4
spotify:track:1p9bBt9ehBe0o8KtfTEdoM,"Nascidos & Criados (feat. Teresa Salgueiro)","Afro Fado","Slow J;Teresa Salgueiro",2023-11-24,175801,39,false,,2024-05-26T16:07:00Z,"portuguese hip hop,fado","Slow J",0.525,0.371,3,-11.487,0,0.0996,0.795,0.00166,0.109,0.149,99.458,4
spotify:track:6a9Z1jUms915w4O7N1PxjY,"Santa","Santa","Rvssian;Rauw Alejandro;Ayra Starr",2024-04-03,193038,78,false,,2024-05-26T15:55:43Z,"trap latino,dancehall,reggaeton,urbano latino,latin,afrobeats,afrobeat,afropop,afro r&b,afropiano,afro soul","Sony Music Latin",0.725,0.709,3,-5.017,0,0.129,0.321,0.000189,0.114,0.648,99.993,4
spotify:track:6fPan2saHdFaIHuTSatORv,"L’AMOUR DE MA VIE","HIT ME HARD AND SOFT","Billie Eilish",2024-05-17,333986,81,false,,2024-05-26T15:39:38Z,"","Darkroom/Interscope Records",0.467,0.392,9,-9.355,1,0.0908,0.2,0.0174,0.106,0.313,145.104,4
spotify:track:6TGd66r0nlPaYm3KIoI7ET,"THE GREATEST","HIT ME HARD AND SOFT","Billie Eilish",2024-05-17,293840,81,false,,2024-05-26T15:31:45Z,"","Darkroom/Interscope Records",0.407,0.192,7,-10.99,1,0.0368,0.637,0.00000333,0.21,0.159,128.173,4
spotify:track:3i058E8uxTsYqJ5NWZzqSj,"Little Freak","Harry's House","Harry Styles",2022-05-20,202183,75,false,,2024-05-24T10:16:59Z,"","Columbia",0.559,0.535,3,-7.723,1,0.039,0.719,0.000143,0.0954,0.402,141.96,4
spotify:track:7bywjHOc0wSjGGbj04XbVi,"LUNA","FERXXOCALIPSIS","Feid;ATL Jacob",2023-12-01,196800,86,false,,2024-05-23T14:48:58Z,"reggaeton,urbano latino","UMLE - Latino",0.774,0.86,7,-2.888,0,0.13,0.131,0,0.116,0.446,100.019,4
spotify:track:1D94coWwRJT0FXUiuazxFw,"la noia (feat. Álvaro De Luna)","la noia (feat. Álvaro De Luna)","Angelina Mango;Álvaro De Luna",2024-05-03,189124,35,false,,2024-05-23T14:11:15Z,"","Latarma S.r.l.",0.666,0.855,2,-3.137,0,0.114,0.0591,0.00000315,0.0283,0.625,112.037,4
spotify:track:6N26C3tVDH3PKG0IrCIMSk,"I Had Some Help (Feat. Morgan Wallen)","I Had Some Help","Post Malone;Morgan Wallen",2024-05-10,178205,62,false,,2024-05-23T13:41:46Z,"country","Mercury Records/Republic Records",0.641,0.856,0,-4.88,1,0.0258,0.00927,0,0.207,0.724,127.985,4
spotify:track:0zjmhKBOuslq0d26IEbVKD,"CARO","CARO","X-Tense;Slow J",2022-11-24,237722,42,false,,2024-05-22T14:01:59Z,"portuguese hip hop","X-Tense",0.824,0.714,1,-6.072,0,0.103,0.668,0.124,0.227,0.742,98.516,4
spotify:track:59Urgfzwm7qsbp77H0QmQ7,"Antes Da Noite Acabar","Antes Da Noite Acabar","Bianca Barros",2022-10-25,212410,40,false,,2024-05-22T13:55:54Z,"","Sons Em Trânsito",0.587,0.48,6,-7.148,1,0.033,0.307,0,0.104,0.269,105.814,4
spotify:track:7LxbCsus0adZUJJGEgwZyJ,"Saltei Fora","Saltei Fora","Lázaro",2023-07-28,186600,5,false,,2024-05-21T14:49:44Z,"","Universal Music Portugal SA",0.563,0.777,7,-5.653,1,0.0412,0.0625,0.00000232,0.308,0.35,170.005,4
spotify:track:0VzOLgOKDgkA0DGc8X5MYV,"Chelas","Chelas","Sara Correia",2023-07-20,200500,37,false,,2024-05-21T14:37:00Z,"fado","Universal Music Portugal SA",0.729,0.533,11,-7.24,0,0.126,0.417,0,0.112,0.433,123.982,4
spotify:track:3znSDZ7wUZIMyyGgcUnyAu,"Foi Assim Que Aconteceu","Foi Assim Que Aconteceu","Marisa Liz",2023-03-09,205898,39,false,,2024-05-21T14:30:31Z,"fado,portuguese hip hop","Universal Music Portugal SA",0.523,0.347,7,-8.842,1,0.034,0.732,0.00000307,0.24,0.114,119.233,3
spotify:track:6bLIR9R5T73E2idV7vUZQ1,"sem hora marcada","sem hora marcada","Rita Rocha;Guga",2024-05-08,242981,22,false,,2024-05-21T13:52:08Z,"portuguese hip hop","Sons Em Trânsito",0.549,0.414,5,-11.021,0,0.0566,0.815,0.000189,0.116,0.266,160.984,4
spotify:track:1yjY7rpaAQvKwpdUliHx0d,"Still into You","Paramore","Paramore",2013-04-05,216013,84,false,,2024-05-16T14:22:21Z,"pop punk,emo","Fueled By Ramen",0.602,0.923,5,-3.763,1,0.044,0.0098,0,0.0561,0.765,136.01,4
spotify:track:7ngJWF9fTaOG3vmEhSvK6g,"Imagina","Imagina","FRANKIEONTHEGUITAR;Slow J;Ivandro",2021-02-26,223100,55,false,,2024-05-15T16:15:23Z,"portuguese hip hop,kizomba,zouk","FRANKIEONTHEGUITAR",0.592,0.416,6,-7.881,0,0.0754,0.604,0,0.095,0.357,139.315,4
spotify:track:4nKRZAONxGgcKCMin730Ai,"33 Max Verstappen","33 Max Verstappen","Carte Blanq;Nils Van Zandt;Maxx Power",2023-09-22,170390,69,false,,2024-05-13T16:15:40Z,"","Spinnin' Records",0.711,0.895,9,-4.942,0,0.107,0.00305,0.0509,0.0832,0.444,128.045,4
spotify:track:45hCYrA2cYcxD6shEbS6pP,"Deixa o Mundo Girar","Deixa o Mundo Girar","Pólo Norte",2005,253293,39,false,,2024-05-10T08:12:57Z,"","União Lisboa",0.583,0.673,5,-3.267,1,0.0257,0.224,0,0.114,0.318,89.945,4
spotify:track:0LZy30mVmxqUpdQmaXKXBd,"ADIVINO","ADIVINO","Myke Towers;Bad Bunny",2024-04-25,278644,73,true,,2024-05-09T08:23:16Z,"reggaeton,trap latino,urbano latino,latin","WEA Latina",0.786,0.854,10,-2.4,0,0.0741,0.169,0.0000239,0.106,0.522,117.994,4
spotify:track:5bi0gh89wRuH2OgjdAKFsb,"Santa","Santa","Rvssian;Rauw Alejandro;Ayra Starr",2024-04-04,193038,74,false,,2024-05-06T17:13:29Z,"trap latino,dancehall,reggaeton,urbano latino,latin,afrobeats,afrobeat,afropop,afro r&b,afropiano,afro soul","Sony Music Latin",0.725,0.709,3,-5.017,0,0.129,0.321,0.000189,0.114,0.648,99.993,4
spotify:track:3ng8tfwvzR4BBwa9yaMms6,"BADGYAL","SAKURA","SAIKO;JC Reyes;Dei V",2024-04-26,253962,70,true,,2024-05-06T14:02:41Z,"trap latino,urbano latino","2024 SAIKONETA",0.6,0.939,8,-1.359,1,0.046,0.114,0,0.244,0.709,95.027,4
spotify:track:3hRV0jL3vUpRrcy398teAU,"The Night We Met","Strange Trails","Lord Huron",2015-04-06,208211,57,false,,2024-05-03T19:45:41Z,"","Play It Again Sam",0.448,0.369,9,-9.514,1,0.0452,0.968,0.272,0.638,0.0998,174.097,3
spotify:track:6PypGyiu0Y2lCDBN1XZEnP,"Everybody Hurts","Automatic For The People","R.E.M.",1992-10-05,320266,77,false,,2024-05-03T19:37:01Z,"jangle pop,alternative rock,rock","Concord Records",0.467,0.324,2,-10.451,1,0.0255,0.615,0.0248,0.118,0.166,94.301,3
spotify:track:1tYOB844iD7HxHvPtwDPNu,"Half Light","Half Light","BANNERS",2016-05-27,185946,59,false,,2024-05-03T08:04:22Z,"","Island Records",0.532,0.392,10,-7.502,1,0.0289,0.816,0,0.122,0.352,151.879,4
spotify:track:7KE8qqAnq7OEigP6JycwBd,"Alter Ego (outro ego)","Klepht","Klepht",2008-01-01,211280,9,false,,2024-05-02T14:42:17Z,"","Universal Music Portugal SA",0.605,0.612,8,-7.724,1,0.027,0.412,0.000299,0.116,0.21,101.992,4
spotify:track:3GMaXWDUq56cdM6K7yPuij,"Narcose","SIM","Klepht",2016-06-03,247426,3,false,,2024-04-30T18:09:14Z,"","Glam Music",0.611,0.841,9,-5.411,1,0.0363,0.0337,0.00362,0.0954,0.12,125.09,4
spotify:track:3qiyyUfYe7CRYLucrPmulD,"Baba O'Riley","Who's Next (Deluxe Edition)","The Who",1971-08-14,300400,73,false,,2024-04-30T15:42:18Z,"classic rock,rock","Polydor Records",0.489,0.724,5,-8.367,1,0.0352,0.313,0.185,0.287,0.15,117.292,4
spotify:track:6nQzgwpozVlo5rCRLy96XF,"Can't Remember a Smile","Inner Voices Speaking","MIIA",2023-11-02,160985,10,false,,2024-04-26T17:58:53Z,"","J RYGGS RECORDS & MIIA MUSIC",0.423,0.567,8,-9.251,0,0.0877,0.384,0.0679,0.573,0.372,79.248,3
spotify:track:2Ix9mMNPjhEOyn641u1970,"Oxide","Oxide","MIIA",2023-01-11,259805,34,false,,2024-04-26T17:16:25Z,"","J RYGGS RECORDS & MIIA MUSIC",0.522,0.322,7,-10.413,1,0.0351,0.657,0,0.0745,0.149,120.512,4
spotify:track:2sqfLwGKXDw1nGjFhH3GGX,"Got It In You","Where The Shadow Ends","BANNERS",2019-10-04,221013,60,false,,2024-04-23T17:26:04Z,"","Island Records",0.577,0.456,7,-9.158,1,0.0408,0.106,0.00000201,0.104,0.225,143.896,4
spotify:track:0wmz1wZ1zpXs0PEAYWZ5Jp,"Green Lights","Green Lights","MIIA",2024-01-05,182399,32,false,,2024-04-23T08:18:25Z,"","Universal Music AS",0.54,0.603,11,-7.736,1,0.0554,0.273,0.00000467,0.131,0.364,144.647,4
spotify:track:2KoE7jhmorIAAqxBh3K7FI,"Alive","Alive","The Scarlet Opera",2023-02-24,192748,44,false,,2024-04-18T13:28:22Z,"","Perta/Silent Records",0.464,0.635,3,-4.754,1,0.0481,0.125,0,0.0814,0.228,72.428,4
spotify:track:6SITAIU0N6D589Py2dJQA7,"Traces","The Sky Is All I Need to Get High","Jacob & The Dazey Chain",2021-09-20,178683,15,false,,2024-04-16T11:03:56Z,"","Gratuitous Noise, LLC",0.385,0.839,1,-5.654,1,0.0344,0.00242,0.00000369,0.228,0.394,149.994,4
spotify:track:2YmJZWGcy0yONMCsEKOuVD,"Overcome","Dead Club City","Nothing But Thieves",2023-06-30,214723,62,false,,2024-04-16T10:05:52Z,"","RCA Records Label",0.413,0.876,11,-4.577,1,0.057,0.000938,0.000104,0.387,0.341,164.08,4
spotify:track:3a4aKwrN2dFprLhmV6UWfL,"Por Uma Noite","Klepht","Klepht",2008-01-01,215813,31,false,,2024-04-15T17:32:00Z,"","Universal Music Portugal SA",0.426,0.579,8,-6.891,1,0.031,0.238,0.000214,0.13,0.159,142.066,3
spotify:track:2WIjOE4uEPLRee61C3gGQD,"Shell Game","Shell Game","Jacob & The Dazey Chain",2023-08-18,216686,10,true,,2024-04-15T11:34:39Z,"","Gratuitous Noise, LLC",0.447,0.897,1,-5.242,1,0.0459,0.000107,0.0000555,0.114,0.54,150.022,4
spotify:track:4Eicc9ZkxOFqicpYCz7LlQ,"A Gente Vai Continuar","Só","Jorge Palma",1991-01-01,166933,44,false,,2024-04-15T09:21:54Z,"fado","Universal Music Portugal SA",0.621,0.0449,0,-21.05,1,0.0524,0.99,0.00156,0.154,0.142,77.32,4
spotify:track:2K7rnJCn30fS39C4eakuWe,"Diz-Me Que Sim","Morangos com Açúcar - O Filme","4Taste",2012-08-20,160733,0,false,,2024-04-10T14:54:34Z,"","Farol Música, Lda.",0.258,0.578,1,-5.414,1,0.0341,0.168,0,0.206,0.277,153.712,3
spotify:track:1lJgjK9z9gcEmn08w5pWnh,"Intervalo (Participação Especial de Rui Veloso)","Per7ume","Per7ume",2008,233933,44,false,,2024-04-10T10:05:44Z,"","Vidisco",0.547,0.594,9,-6.359,1,0.0245,0.244,0,0.16,0.46,143.863,4
spotify:track:352FuGmGJClPjojSYjNrXG,"Já Sei Namorar - 2004 Digital Remaster","Tribalistas","Tribalistas",2002-01-01,196933,69,false,,2024-04-10T09:45:28Z,"mpb,new mpb","Phonomotor",0.671,0.836,9,-6.672,0,0.0567,0.687,0.000559,0.132,0.837,145.532,4
spotify:track:4J0gzNGcRXRQKaN5VUnoTQ,"Momento (Uma Espécie De Céu)","Momento","Pedro Abrunhosa;Os Bandemónio",2002-11-13,280400,44,false,,2024-04-10T09:14:00Z,"fado","Universal Music Portugal SA",0.775,0.315,5,-10.463,0,0.0426,0.771,0.00435,0.0939,0.624,110.893,4
spotify:track:7EfN57d0cgXmAjR8FU1YB9,"Não Sou o Único - Ao Vivo","Ao Vivo Em Lisboa","Resistencia",2016-10-21,307506,24,false,,2024-03-31T19:45:38Z,"fado","VIDISCO",0.395,0.872,9,-5.376,0,0.0415,0.324,0.0000145,0.476,0.39,128.988,4
spotify:track:2t4l99FEz6e2IlaQwVlERa,"Quero É Viver","+ Do Coração","Sara Correia",2022-03-25,218160,49,false,,2024-03-25T14:59:30Z,"fado","Universal Music Portugal SA",0.819,0.523,0,-8.436,1,0.0407,0.292,0.000676,0.119,0.196,126.008,4
spotify:track:6DETjuNT1dTp93gguPt1hc,"Sim","SIM","Klepht",2016-06-03,241000,16,false,,2024-03-25T10:20:55Z,"","Glam Music",0.453,0.619,2,-6.054,1,0.031,0.601,0.117,0.0845,0.132,139.98,4
spotify:track:2AipCdVKuGd0GnI5Jj99QR,"Jardins Proibídos - Versão'06","Quase Tudo","Paulo Gonzo;Olavo Bilac",1997-05-12,249493,46,false,,2024-03-24T21:01:24Z,"fado","Columbia",0.573,0.513,2,-9.469,1,0.0278,0.654,0.00000325,0.155,0.307,81.903,4
spotify:track:5QVGwmZBPdpgBFDhNpZZte,"Circo de Feras - Ao Vivo","Ao Vivo Em Lisboa","Resistencia",2016-10-21,244106,22,false,,2024-03-24T20:33:10Z,"fado","VIDISCO",0.496,0.866,7,-5.584,1,0.0443,0.501,0.000236,0.753,0.575,88.076,4
spotify:track:4KCo3pg7uZkZPGvzlTsU1x,"Um Lugar Ao Sol - Ao Vivo","Ao Vivo Em Lisboa","Resistencia",2016-10-21,275186,18,false,,2024-03-24T20:32:06Z,"fado","VIDISCO",0.356,0.783,6,-5.913,0,0.0311,0.556,0.0000311,0.363,0.291,110.46,4
spotify:track:4gRG2v72c95pPEqqtQMYnA,"A noite","Mano A Mano","Resistencia",1992-11-03,236160,46,false,,2024-03-24T20:09:09Z,"fado","Parlophone Portugal",0.738,0.587,2,-15.151,1,0.0285,0.394,0.0000632,0.322,0.902,140.774,4
spotify:track:6vmouKTLdfvqj29t5LUe8d,"Não és tu, sou eu","Não és tu, sou eu","Bárbara Tinoco",2024-03-22,179436,25,false,,2024-03-22T15:17:10Z,"portuguese hip hop","Bárbara Tinoco",0.765,0.395,9,-9.511,0,0.1,0.826,0.00145,0.113,0.262,97.869,4
spotify:track:6CdVinMdoHcLVUPfBwoyLT,"Bem, Pensando Assim - Remastered","Bem, Pensando Assim (Remastered)","seBENTA",2024-02-16,208866,0,false,,2024-03-21T15:49:54Z,"","seBENTA",0.512,0.811,2,-4.11,1,0.081,0.122,0,0.115,0.595,150.097,4
spotify:track:2AQdOXBumPPjhPGw94D8Xb,"Morte ao sol","Concentrado","GNR",2012-11-19,284560,37,false,,2024-03-16T22:03:16Z,"fado","Parlophone Portugal",0.549,0.754,0,-5.953,1,0.0336,0.0241,0.0000157,0.273,0.582,76.058,4
spotify:track:4bKrRHKWHd1a0UMhgz3YVW,"Embora Doa","Klepht","Klepht",2008-01-01,227853,35,false,,2024-03-14T00:25:02Z,"","Universal Music Portugal SA",0.591,0.449,10,-9.412,1,0.0268,0.44,0.0121,0.108,0.139,109.97,4
spotify:track:7lG5m4JN0exualOkghSNXq,"A Time of Quiet Between the Storms","Dune: Part Two (Original Motion Picture Soundtrack)","Hans Zimmer",2024-02-23,261797,62,false,,2024-03-11T14:17:59Z,"soundtrack,score","WaterTower Music",0.0651,0.0654,11,-20.893,0,0.039,0.614,0.453,0.0856,0.0358,70.903,5
spotify:track:79JW4tqG3AigegX3sKRxgi,"Que O Amor Te Salve Nesta Noite Escura - Ao Vivo","Que O Amor Te Salve Nesta Noite Escura (Ao Vivo)","Pedro Abrunhosa;Sara Correia",2022-03-25,216533,59,false,,2024-03-03T20:40:17Z,"fado","Boom Studios",0.465,0.428,0,-8.426,1,0.0533,0.854,0,0.713,0.374,127.221,4
spotify:track:507tVcKoaL0iORuaM2nrmy,"My Sails Are Set (from the Netflix Series ""One Piece"")","One Piece (Soundtrack from the Netflix Series)","Sonya Belousova;Giona Ostinelli;AURORA",2023-08-31,171338,59,false,,2024-02-27T16:40:59Z,"soundtrack,medieval,norwegian pop,art pop","Netflix Music",0.418,0.567,5,-6.335,1,0.0276,0.0152,0,0.0986,0.16,94.593,3
spotify:track:6q6EKs0elxYkcNTiCFD6c7,"Swim For Your Life","Swim For Your Life","The Pale White",2019-10-11,262842,36,true,,2024-02-23T11:19:39Z,"","ILLEGAL CINEMA",0.312,0.807,8,-4.936,0,0.121,0.00747,0,0.177,0.448,202.056,4
spotify:track:3WLLJzllBEgPiSA0qd3BN3,"I Just Wanna Run","Let's Be Animals","The Downtown Fiction",2011-04-22,199959,59,false,,2024-02-23T10:22:29Z,"pop punk","Photo Finish",0.669,0.667,4,-3,1,0.0511,0.00769,0,0.0983,0.69,128.103,4
spotify:track:5RKdfWxYTZFMCGpyyqbxz7,"De Nada","Vaiana (Banda Sonora Original em Português)","Pedro Bargado",2016-11-18,163893,26,false,,2024-02-07T20:22:20Z,"","Walt Disney Records",0.817,0.735,0,-7.087,1,0.118,0.524,0,0.0234,0.741,135.137,4
spotify:track:0EgaCa0seSgemq1f0uB5r1,"Primavera","Primavera","The Gift",2012-01-09,292106,2,false,,2023-12-04T01:00:22Z,"","La Folie Gift",0.395,0.324,8,-10.569,1,0.0329,0.839,0,0.177,0.232,81.89,4
spotify:track:35oMGWPLgbFUpmQ1Z14QD8,"Sereia","Afro Fado","Slow J",2023-11-24,186168,47,false,,2023-11-24T11:24:01Z,"portuguese hip hop","Slow J",0.49,0.393,3,-10.317,1,0.3,0.823,0,0.107,0.295,95.486,4
spotify:track:2ppvtZ6U2NK5Z9VYKrIzAN,"Origami (feat. Gson)","Afro Fado","Slow J;Gson",2023-11-24,354045,45,false,,2023-11-24T10:54:02Z,"portuguese hip hop","Slow J",0.607,0.461,9,-9.559,0,0.0845,0.616,0.00000875,0.119,0.17,143.946,4
spotify:track:0zeXjjl414anQKA6GAMEJo,"Terra","Afro Fado","Slow J",2023-11-24,223756,38,false,,2023-11-24T10:37:47Z,"portuguese hip hop","Slow J",0.474,0.584,0,-8.23,0,0.276,0.576,0.000344,0.126,0.4,152.644,3
spotify:track:2OXcFFTAhcpElg1ZMAqLB7,"Ultimamente","Afro Fado","Slow J",2023-11-24,222427,49,false,,2023-11-24T10:37:46Z,"portuguese hip hop","Slow J",0.643,0.505,6,-9.865,0,0.117,0.853,0.00000315,0.223,0.534,62.795,4
spotify:track:6vEDAeF4JBabR36hnLKpj9,"Pirâmide","Afro Fado","Slow J",2023-11-24,148995,40,false,,2023-11-24T10:37:41Z,"portuguese hip hop","Slow J",0.649,0.459,2,-9.693,0,0.219,0.522,0.000263,0.1,0.641,122.221,4
spotify:track:0T5iIrXA4p5GsubkhuBIKV,"Until I Found You","Until I Found You","Stephen Sanchez",2021-09-01,177720,79,false,,2023-11-14T11:06:56Z,"","Republic Records",0.539,0.508,10,-6.05,1,0.0288,0.727,0,0.174,0.227,101.358,3
spotify:track:4JGKZS7h4Qa16gOU3oNETV,"Dreams","Everybody Else Is Doing It, So Why Can't We?","The Cranberries",1993-03-01,271560,85,false,,2023-10-12T23:01:07Z,"","Island Records",0.551,0.645,4,-13.093,1,0.0354,0.0031,0.00376,0.421,0.508,128.665,4
spotify:track:2dWbucCC3cVXQWi6JaL7js,"Imagina","Imagina","FRANKIEONTHEGUITAR;Slow J;Ivandro",2021-02-26,223100,0,false,,2023-10-09T19:43:40Z,"portuguese hip hop,kizomba,zouk","FRANKIEONTHEGUITAR",0.592,0.416,6,-7.881,0,0.0754,0.604,0,0.095,0.357,139.315,4
spotify:track:4WnvGA8WqQrvHpJ5zsJeds,"Seria Estúpido Ligar-te","Dores de Crescimento","CAROLINA DE DEUS",2023-05-12,162253,33,false,,2023-10-06T16:14:28Z,"","Primeira Linha",0.592,0.343,1,-10.766,1,0.05,0.723,0,0.11,0.299,119.537,5
spotify:track:3kmDvfHdNcDuFr0OPDB1L6,"o teu namorado","Bárbara,","Bárbara Tinoco",2021-10-21,178000,25,false,,2023-10-02T18:58:23Z,"portuguese hip hop","Bárbara Tinoco",0.756,0.403,8,-8.497,1,0.0388,0.685,0,0.099,0.572,105.986,4
spotify:track:4ZMNIWauXUdBOMxfxm9bZe,"Ensina-me a Voar","Bichinho","Bárbara Tinoco",2023-04-21,191160,32,false,,2023-09-29T21:41:25Z,"portuguese hip hop","Bárbara Tinoco",0.819,0.409,6,-8.152,0,0.047,0.775,0.00000749,0.155,0.664,129.08,4
spotify:track:3Kv9393GtI3N8MCxZBW8xf,"os croquetes acabam","os croquetes acabam","Nena",2023-06-30,213760,40,false,,2023-09-25T18:54:45Z,"","Nena",0.657,0.741,0,-5.561,0,0.0642,0.172,0,0.474,0.827,149.967,4
spotify:track:1ql5oI81hEwOtXxluQkmsa,"Talvez...","Dores de Crescimento","CAROLINA DE DEUS",2023-05-12,184269,40,false,,2023-09-24T21:12:16Z,"","Primeira Linha",0.378,0.396,10,-10.147,1,0.0405,0.586,0,0.109,0.433,169.205,4
spotify:track:564tHu6RJmSLd6a7mC011x,"A paixão (Segundo Nicolau da Viola)","Mingos E Os Samurais","Rui Veloso",1990,230933,55,false,,2023-09-23T22:58:17Z,"fado","Parlophone Portugal",0.542,0.19,0,-14.352,1,0.0296,0.94,0,0.12,0.444,79.459,4
spotify:track:7r6IoCKMcAxOhBmPrfMvZL,"outras línguas","Bárbara,","Bárbara Tinoco",2021-10-21,159466,40,false,,2023-09-23T22:25:37Z,"portuguese hip hop","Bárbara Tinoco",0.697,0.472,9,-8.308,0,0.0332,0.791,0.00000934,0.111,0.441,101.995,4
spotify:track:3DtMlOEygfbo6KlHiZ9YRg,"Síndrome de Impostor","Bichinho","Bárbara Tinoco",2023-04-21,189826,30,false,,2023-09-22T23:17:25Z,"portuguese hip hop","Bárbara Tinoco",0.744,0.374,0,-10.456,1,0.0632,0.876,0.0000535,0.125,0.416,134.835,4
spotify:track:3jUKxGl9XAM53qNChTNZkR,"fugir de ser","Bárbara,","Bárbara Tinoco",2021-10-21,165133,28,false,,2023-09-22T23:14:24Z,"portuguese hip hop","Bárbara Tinoco",0.722,0.679,0,-6.669,1,0.0378,0.371,0,0.0853,0.914,96.044,4
spotify:track:0qOdDzi89OD7CBnCivfHEf,"Chamada não Atendida","Bichinho","Bárbara Tinoco",2023-04-21,207173,45,false,,2023-09-22T23:06:40Z,"portuguese hip hop","Bárbara Tinoco",0.578,0.34,6,-9.09,0,0.0758,0.851,0.0000131,0.137,0.152,86.506,4
spotify:track:68EGcwfcVMC6tGHGl9f40x,"My Sails Are Set (from the Netflix Series ""One Piece"")","My Sails Are Set (from the Netflix Series ""One Piece"")","Sonya Belousova;Giona Ostinelli;AURORA",2023-08-25,171338,48,false,,2023-09-07T13:30:30Z,"soundtrack,medieval,norwegian pop,art pop","Netflix Music",0.418,0.567,5,-6.335,1,0.0276,0.0152,0,0.0986,0.16,94.593,3
spotify:track:5WPTHgsWpMWa0nqL4jOTbX,"Vida Boa","The Art of Slowing Down","Slow J",2017-03-17,234313,39,false,,2023-08-31T00:45:24Z,"portuguese hip hop","Slow J",0.589,0.507,5,-8.203,0,0.278,0.0334,0.0000537,0.206,0.566,124.305,4
spotify:track:3UKZj0pTsdslQrYTvunrvc,"Às Vezes","The Art of Slowing Down","Slow J;NERVE",2017-03-17,240985,39,false,,2023-08-30T00:16:40Z,"portuguese hip hop","Slow J",0.575,0.346,2,-8.494,0,0.833,0.105,0.000474,0.266,0.443,191.819,3
spotify:track:1wTj5ru6fkZLCIF7nLWEcr,"Também Sonhar","You Are Forgiven","Slow J;Sara Tavares",2019-09-20,208969,50,false,,2023-08-29T23:23:09Z,"portuguese hip hop,fado","Slow J",0.556,0.309,1,-9.96,1,0.296,0.782,0.0000342,0.114,0.318,106.2,4
spotify:track:4CSB7RdBx6Jc8BFFiRFE6K,"Preço Certo","Estava No Abismo Mas Dei Um Passo Em Frente","Pedro Mafama",2023-05-26,170558,40,false,,2023-08-28T23:29:35Z,"fado","Sony Music Entertainment",0.828,0.653,4,-4.242,0,0.0511,0.0853,0,0.0651,0.862,129.904,4
spotify:track:6wf7Yu7cxBSPrRlWeSeK0Q,"What Was I Made For? [From The Motion Picture ""Barbie""]","What Was I Made For? [From The Motion Picture ""Barbie""]","Billie Eilish",2023-07-13,222369,85,false,,2023-08-23T18:22:56Z,"","Darkroom/Interscope Records",0.391,0.084,0,-17.843,1,0.0317,0.953,0,0.0983,0.111,79.449,4
spotify:track:1YqnwlKHXQ1XYhIhakVikB,"Como Eu","Como Eu","Bárbara Bandeira",2018-11-16,208565,50,false,,2023-08-22T17:12:09Z,"portuguese hip hop,kizomba","Klasszik",0.633,0.473,4,-9.736,1,0.0312,0.845,0,0.0992,0.416,129.928,4
spotify:track:77loZpT5Y5PRP1S451P9Yz,"The Reason","The Reason (15th Anniversary Deluxe)","Hoobastank",2003-12-09,232800,6,false,,2023-08-22T00:49:01Z,"nu metal","Island Def Jam",0.474,0.671,4,-4.649,1,0.0289,0.0129,0,0.159,0.0682,82.94,4
spotify:track:5AGS8VxsLyHQOWz0ZTuwIN,"How I'm Feeling Now","Broken By Desire To Be Heavenly Sent","Lewis Capaldi",2023-05-19,226440,55,true,,2023-08-22T00:22:50Z,"soft pop","Vertigo Berlin",0.685,0.435,0,-3.979,1,0.0277,0.421,0,0.19,0.398,102.91,4
spotify:track:1sTsuZTdANkiFd7T34H3nb,"Human","Day & Age (Bonus Tracks)","The Killers",2008-11-18,245373,78,false,,2023-08-21T12:34:19Z,"alternative rock","Island Records",0.557,0.8,10,-8.477,1,0.0601,0.00132,0.0012,0.0906,0.582,135.47,4
spotify:track:1f8ZZG04OJPfP2BsMjomOp,"Nunca Consigo Recusar","Nunca Consigo Recusar","João Borsch",2023-05-19,247334,13,false,,2023-08-15T14:48:03Z,"","Parlophone Portugal",0.628,0.597,4,-9.081,1,0.0292,0.0133,0.00546,0.0392,0.697,130.011,4
spotify:track:4SvsC5KSz18JlWUnv8rV2O,"Eu Gosto É Do Verão","O Maravilhoso Mundo Do Acrílico","A Fúria Do Açúcar",1997-01-01,200293,40,false,,2023-08-15T14:45:14Z,"","Universal Music Portugal SA",0.747,0.719,6,-7.921,1,0.0422,0.228,0.00000265,0.0884,0.93,145.043,4
spotify:track:2PFP5V7ztRS0et3xWHK8pl,"Muda de vida","Humanos","Humanos",2005-06-24,183933,46,false,,2023-08-15T14:43:20Z,"fado","Parlophone Portugal",0.681,0.708,10,-5.471,1,0.0276,0.594,0.00006,0.0998,0.795,118.237,4
spotify:track:3bJeHA43408K5auUg8V2kX,"Menina Estás à Janela","Eternamente","UHF",1999-06-23,170013,45,false,,2023-08-15T14:39:54Z,"","Vidisco",0.307,0.716,7,-9.51,1,0.0286,0.000309,0.000128,0.0927,0.867,174.482,4
spotify:track:33nvHJKorHG3uTqnQexpJ4,"Por quem não esqueci","De Um Tempo Ausente","Sétima Legião",1989-11-15,229440,47,false,,2023-08-15T14:32:46Z,"fado","Parlophone Portugal",0.568,0.733,9,-6.719,1,0.0301,0.0031,0.274,0.115,0.605,120.079,4
spotify:track:7ybmDcZMQhv8JdPEQoe48i,"Dia Mau","O Monstro Precisa De Amigos","Ornatos Violeta",1999-01-01,171933,39,false,,2023-08-15T14:30:51Z,"","Universal Music Portugal SA",0.599,0.851,2,-4.586,1,0.0358,0.216,0,0.0695,0.656,82.997,4
spotify:track:3KLtM4rOQwmZoLTiyXEfur,"Chaga","O Monstro Precisa De Amigos","Ornatos Violeta",1999-01-01,182360,45,false,,2023-08-15T14:29:20Z,"","Universal Music Portugal SA",0.407,0.917,4,-5.121,0,0.0617,0.193,0.000153,0.111,0.419,174.054,4
spotify:track:73nNXl2PZ1Z6j2pbfl8N8R,"Ouvi Dizer","O Monstro Precisa De Amigos","Ornatos Violeta",1999-01-01,230906,48,false,,2023-08-15T14:27:32Z,"","Universal Music Portugal SA",0.526,0.54,4,-6.587,1,0.0261,0.485,0,0.0962,0.384,82.021,4
spotify:track:5Xs4E6P2A7sDZSwXYWat8P,"Circo De Feras","Circo De Feras","Xutos & Pontapés",1987-01-01,233933,45,false,,2023-08-15T14:25:26Z,"","Universal Music Portugal SA",0.631,0.562,7,-10.333,1,0.0267,0.00236,0.000559,0.0635,0.643,96.479,4
spotify:track:2SJXx8NAAqWg0hlwWJEMBE,"À Minha Maneira","88","Xutos & Pontapés",1988-03-01,209000,42,false,,2023-08-15T14:24:53Z,"","Universal Music Portugal SA",0.406,0.817,0,-10.394,1,0.0374,0.037,0.0009,0.619,0.827,159.176,4
spotify:track:689bBK49tXjqXST1Ghk6Bc,"Não Sou O Único","Circo De Feras","Xutos & Pontapés",1987-01-01,218933,46,false,,2023-08-15T14:24:51Z,"","Universal Music Portugal SA",0.564,0.607,0,-9.564,1,0.0279,0.00586,0,0.0558,0.806,149.293,4
spotify:track:3HMFMzn8zdN3EC0Kv1MIJV,"Ai Se Ele Cai","O Mundo Ao Contrário","Xutos & Pontapés",2004-01-01,192826,47,false,,2023-08-15T14:24:50Z,"","Universal Music Portugal SA",0.378,0.899,9,-3.464,1,0.0398,0.0401,0,0.127,0.773,155.152,4
spotify:track:4YK4SXrTvreEWvJNOdg3wW,"Contentores","Circo De Feras","Xutos & Pontapés",1987-01-01,231866,49,false,,2023-08-15T14:24:49Z,"","Universal Music Portugal SA",0.586,0.669,7,-10.464,1,0.0332,0.00078,0.0321,0.0875,0.415,132.212,4
spotify:track:3deBoKBR9l8qdgraJ8ZKhA,"A Minha Casinha","88","Xutos & Pontapés",1988-03-01,144840,47,false,,2023-08-15T14:24:48Z,"","Universal Music Portugal SA",0.257,0.707,2,-9.761,1,0.0365,0.156,0.000137,0.0641,0.543,169.804,4
spotify:track:3HBXHBR1BS1FCSC5OhvYij,"O Homem Do Leme","Grandes Êxitos","Xutos & Pontapés",2017-09-08,280866,53,false,,2023-08-15T14:24:48Z,"","Universal Music Portugal SA",0.361,0.42,9,-7.985,0,0.0307,0.767,0,0.0625,0.253,169.669,4
spotify:track:6OrNf46vJrHqNP3IFpmvhV,"Lambreta","Quinto","António Zambujo",2012-01-01,144240,35,false,,2023-08-15T14:19:43Z,"fado","Universal Music Portugal SA",0.695,0.171,9,-12.284,1,0.101,0.849,0.0349,0.108,0.396,132.887,3
spotify:track:5g9lT7mXUtLA5lXNBTPfvQ,"Lote B","Voz E Violão","António Zambujo",2021-04-23,186747,39,false,,2023-08-15T14:19:42Z,"fado","Universal Music Portugal SA Distributed Labels",0.801,0.133,9,-12.717,1,0.0895,0.853,0,0.109,0.378,117.713,4
spotify:track:7bSuN2UhQp8NBnbY47FyJu,"Zorro","Guia","António Zambujo",2010-01-01,195601,37,false,,2023-08-15T14:19:41Z,"fado","Universal Music Portugal SA",0.713,0.228,4,-14.323,1,0.064,0.942,0.458,0.107,0.257,117.905,4
spotify:track:7gWuvpjf7ghzYSQoGQuU3d,"Pica Do 7","Rua Da Emenda","António Zambujo",2014-01-01,251664,45,false,,2023-08-15T14:19:40Z,"fado","Universal Music Portugal SA",0.71,0.443,9,-7.254,1,0.0329,0.798,0.00000735,0.109,0.627,91.098,3
spotify:track:0lFriVqCSt5QaH0OXsQNpv,"A Terra Gira","O Tempo Vai Esperar","Os Quatro e Meia",2020-09-25,197506,53,false,,2023-08-15T14:18:01Z,"","Sony Music Entertainment",0.439,0.369,1,-9.664,1,0.0439,0.61,0.00000612,0.147,0.34,140.424,5
spotify:track:4gKnmJl100iarWltT3dtyc,"Na Escola","Na Escola","Os Quatro e Meia",2023-03-10,266712,48,false,,2023-08-15T14:17:58Z,"","Sony Music Entertainment",0.47,0.475,7,-7.577,1,0.032,0.775,0.0000187,0.263,0.381,73.306,4
spotify:track:70GRlXUPxqaiv1JZCoAKYn,"Sentir o Sol","Pontos nos Is","Os Quatro e Meia",2017-06-30,227211,48,false,,2023-07-28T14:15:35Z,"","Os Quatro e Meia",0.732,0.7,0,-9.421,1,0.0353,0.228,0.000602,0.087,0.689,121.981,4
spotify:track:51RsJySU0hYlm2AGDsnmWZ,"Frightening Fishes - Main Title Theme from ""Shrinking""","Shrinking: Season 1 (Apple TV+ Original Series Soundtrack)","Benjamin Gibbard;Tom Howe",2023-03-24,147337,53,false,,2023-07-28T01:17:51Z,"alt country","WaterTower Music",0.545,0.734,0,-6.511,1,0.0308,0.015,0,0.203,0.56,104.995,4
spotify:track:4GSmcAtzTz5sLn2VWX1Rda,"Olá Solidão","Olá Solidão","Os Quatro e Meia",2021-06-25,280863,52,false,,2023-07-23T13:05:37Z,"","Sony Music Entertainment",0.657,0.471,11,-7.824,0,0.0396,0.0665,0.000702,0.0738,0.131,132.078,4
spotify:track:39n1y2JqVOPIdfUeLqzgfl,"Darkside","NINE","blink-182",2019-09-20,180952,56,false,,2023-07-04T19:10:50Z,"pop punk,punk,rock,skate punk,emo","Columbia",0.497,0.923,4,-3.04,1,0.11,0.00627,0,0.082,0.545,155.11,4
spotify:track:5h8VHxOBK1VWWj46T8fSly,"TELÉFONO","TELÉFONO","Aitana",2018-07-26,163293,47,false,,2023-06-25T15:45:02Z,"","Universal Music Spain S.L.",0.691,0.829,11,-4.627,0,0.158,0.102,0.000177,0.0698,0.564,172.161,4
spotify:track:697bFWgzBRm6bmnYWd8GyD,"Hold Me Closer","Hold Me Closer","Cornelia Jakobs",2022-02-26,199426,56,false,,2023-06-17T14:16:44Z,"","WM Sweden",0.489,0.616,6,-7.599,1,0.0382,0.107,0,0.145,0.168,96.819,4
spotify:track:1D0MkPl126EQfX1XJx5OzO,"Queen of Kings - Acoustic","Queen of Kings (Acoustic)","Alessandra",2023-04-13,170293,27,false,,2023-06-10T22:02:14Z,"","Universal Music AS",0.638,0.361,4,-10.281,0,0.034,0.584,0,0.0978,0.23,110.044,4
spotify:track:0VlExUqOmUhF3KBLiCNcn9,"Bon Appetit","Bon Appetit","ALIKA",2022-06-02,170081,19,false,,2023-06-05T08:31:02Z,"","Universal Music Oy",0.769,0.768,11,-4.799,0,0.0341,0.0367,0.0000182,0.0682,0.98,120.046,4
spotify:track:2XhLiOVoMTWR0LNkvVEYA5,"Aijā","Aijā","Sudden Lights",2023-01-27,180782,40,false,,2023-06-04T21:01:45Z,"","Sudden Lights",0.556,0.548,9,-7.513,0,0.0694,0.0523,0.00011,0.0781,0.398,160.071,3
spotify:track:5cuaQk9EEBd8od6lqUXfPf,"Bridges - Eurovision 2023 - Estonia / Karaoke","Eurovision Song Contest Liverpool 2023 (Karaoke Version)","ALIKA",2023-04-14,184398,12,false,,2023-06-02T09:22:10Z,"","Universal Music A/S",0.506,0.374,0,-14.018,0,0.0344,0.867,0.9,0.648,0.0931,140.059,4
spotify:track:2dhqUatUZtQZgzomu6rrvl,"Too Much","Too Much","ALIKA",2023-05-31,170909,23,false,,2023-06-02T09:06:59Z,"","Universal Music Estonia",0.768,0.534,9,-4.847,0,0.0783,0.226,0.00000142,0.0538,0.807,132.049,4
spotify:track:1BncfTJAWxrsxyT9culBrj,"Experience","In A Time Lapse","Ludovico Einaudi;Daniel Hope;I Virtuosi Italiani",2013-01-01,315426,79,false,,2023-06-02T08:27:32Z,"neoclassical,classical,contemporary classical","Decca (UMO) (Classics)",0.447,0.449,2,-10.634,1,0.0376,0.934,0.961,0.0697,0.036,92.468,4
spotify:track:3k4kK11yrqUpsHaVMzWFOI,"I Turn To You","I Turn To You","Cornelia Jakobs",2023-05-14,176435,33,false,,2023-06-02T08:23:12Z,"","Viva La Figa",0.238,0.535,3,-8.394,0,0.0359,0.0176,0.00000769,0.164,0.152,135.832,4
spotify:track:1zLjeZ1wN0zljDS104ZK9c,"Mais Ou Menos Isto","Mais Ou Menos Isto","Rita Rocha",2021-12-17,210568,46,false,,2023-06-02T08:12:31Z,"","Sons Em Trânsito",0.757,0.549,9,-7.93,1,0.03,0.551,0.00214,0.126,0.463,124.013,4
spotify:track:1MhXdlCQPnO56T57MfmaRm,"Ghost Of You","Youngblood (Deluxe)","5 Seconds of Summer",2018-06-15,197411,74,false,,2023-05-28T22:00:13Z,"","Capitol",0.459,0.561,10,-4.819,1,0.0269,0.0965,0,0.156,0.206,149.876,3
spotify:track:1lWWoec2z1j88GRblI5anV,"ZITTI E BUONI","ZITTI E BUONI","Måneskin",2021-03-03,192654,59,true,,2023-05-28T22:00:12Z,"","RCA Records Label",0.62,0.944,4,-3.082,0,0.0863,0.0014,0,0.733,0.592,103.024,4
spotify:track:14LdhxElpZS0rKVV4nxtdA,"Queen of Kings","Queen of Kings","Alessandra",2023-01-09,147979,68,false,,2023-05-28T22:00:11Z,"","Universal Music AS",0.563,0.908,4,-4.25,0,0.0868,0.0696,0,0.328,0.171,125.972,4
spotify:track:4peLelvrz1Vpio2eBvyZet,"Numb Little Bug - Acoustic","Numb Little Bug (Acoustic)","Ash White;Player Two;Pop Mage",2022-10-14,190600,18,false,,2023-05-28T21:43:40Z,"","Magic Pop",0.7,0.117,0,-18.579,1,0.0852,0.872,0,0.104,0.471,75.038,4
spotify:track:7zQs5RxMWQBVDTW9zl9CHu,"Numb Little Bug - Piano Version","Numb Little Bug (Piano Version)","Em Beihold",2022-03-18,165320,65,false,,2023-05-26T11:11:56Z,"","Republic Records/Moon Projects, LLC.",0.583,0.268,11,-8.417,1,0.0617,0.757,0,0.0805,0.846,84.697,4
spotify:track:0rO1zf0e7l8s7PRjchQpyn,"I Wrote A Song","I Wrote A Song","Mae Muller",2023-03-09,165151,1,false,,2023-05-22T13:59:38Z,"","Capitol Records UK / EMI",0.7,0.885,9,-4.106,0,0.0531,0.0442,0.00698,0.0836,0.777,125.017,4
spotify:track:1DmW5Ep6ywYwxc2HMT5BG6,"Tattoo","Tattoo","Loreen",2023-02-25,183374,80,false,,2023-05-21T22:24:38Z,"europop","Universal Music AB",0.545,0.779,3,-6.235,0,0.0751,0.243,0.00000166,0.123,0.303,150.002,4
spotify:track:1Xi84slp6FryDSCbzq4UCD,"Arcade","Arcade","Duncan Laurence",2019-03-07,183624,77,false,,2023-05-15T19:18:41Z,"","Universal Music, a division of Universal International Music BV",0.459,0.331,9,-12.603,0,0.0421,0.817,0.00104,0.135,0.271,72.023,3
spotify:track:35b0iM96Uid8KI5s83IEHM,"Die Together","Die Together","Amanda Tenfjord",2022-03-10,175466,41,false,,2023-05-15T19:15:43Z,"norwegian pop","PROPELLER RECORDINGS",0.475,0.366,5,-8.365,1,0.0661,0.122,0,0.102,0.202,149.982,4
spotify:track:14ibwN44PVKuvEqLiaNkKu,"Carpe Diem","Carpe Diem","Joker Out",2023-02-04,165702,49,false,,2023-05-15T19:10:25Z,"","Joker Out",0.689,0.663,1,-8.778,0,0.0427,0.00906,0.0000255,0.102,0.555,131.936,4
spotify:track:1uAOCTevGnyKIDbgZdOCnE,"Voilà","Voilà","Barbara Pravi",2020-11-06,176815,69,false,,2023-05-15T18:54:45Z,"chanson,french pop","Universal Music Division Virgin Records",0.447,0.337,2,-8.665,0,0.0631,0.773,0,0.298,0.603,135.379,4
spotify:track:18ZX6YaDSOopXPRvfIh8DM,"Évidemment","Évidemment","La Zarra",2023-02-19,181000,54,false,,2023-05-15T17:45:00Z,"french pop","Universal Music Division Capitol Music France",0.731,0.743,11,-4.626,1,0.0682,0.116,0,0.0779,0.239,120.01,4
spotify:track:514rhnksEwHUh6LxXsQ4Y9,"Back To You","13 Reasons Why (Season 2)","Selena Gomez",2018-05-18,210240,67,false,,2023-04-10T15:33:28Z,"","UMGRI Interscope",0.6,0.683,6,-6.271,1,0.049,0.097,0.00000135,0.11,0.489,102.036,4
spotify:track:2OZNEa3tW5HKAaAQqnJope,"can you hear me?","can you hear me?","Munn",2021-04-08,185600,59,false,,2023-04-01T18:12:23Z,"","Friends Make Music",0.646,0.576,2,-7.827,1,0.071,0.449,0,0.342,0.375,149.821,4
spotify:track:4GMCZUi6cVQJ5wPWwJ36rW,"Underdog","Hold Me Down","You Me At Six",2010-01-01,143080,53,false,,2023-03-28T08:18:50Z,"pop punk","Virgin Records",0.381,0.961,1,-3.614,1,0.0869,0.000949,0.000294,0.0531,0.787,156.062,4
spotify:track:3pvzk44kwy8u46wtglCKzd,"Bridges","Bridges","ALIKA",2022-12-02,185610,45,false,,2023-03-22T12:57:15Z,"","Universal Music Oy",0.589,0.47,0,-5.243,0,0.0321,0.844,0,0.139,0.326,139.83,4
spotify:track:0heE5tAAaDQmnGhVDImPl2,"Dynasty","Dynasty","MIIA",2016-01-29,225515,68,false,,2023-03-22T11:51:13Z,"","Epic Amsterdam",0.493,0.594,8,-4.404,0,0.0378,0.256,0,0.0759,0.304,123.751,4
spotify:track:6GL1MiIvlrAm3hTvHzQJLl,"Waves - Acoustic","Waves (Acoustic)","Dean Lewis",2017-02-03,248176,54,false,,2023-03-21T09:11:18Z,"","Universal Music Australia Pty. Ltd.",0.414,0.191,2,-11.421,1,0.0531,0.95,0,0.109,0.19,88.687,4
spotify:track:2eAvDnpXP5W0cVtiI0PUxV,"Dandelions","Safe Haven","Ruth B.",2017-05-05,233720,86,false,,2023-03-19T09:57:35Z,"","Columbia",0.609,0.692,1,-2.958,1,0.0259,0.0157,0,0.0864,0.454,116.959,3
spotify:track:1959e47Ws10YM8EdJXFxgy,"A55","A55","English Teacher",2022-01-17,249133,0,false,,2023-03-09T20:06:50Z,"","Nice Swan Recordings",0.498,0.399,11,-8.82,0,0.0246,0.0488,0.0369,0.117,0.185,159.971,4
spotify:track:0Q0Vl9fKJF5MDxfVKbD78e,"Everybody Loves Me","Waking Up","OneRepublic",2009-01-01,214400,60,false,,2023-03-06T20:45:07Z,"soft pop","Mosley / Interscope",0.578,0.907,4,-4.869,1,0.0895,0.0229,0,0.557,0.66,170.04,4
spotify:track:1r1fPuhj9H4VdXr7OK6FL5,"CASTLE OF GLASS","LIVING THINGS","Linkin Park",2012-06-19,205400,78,false,,2023-03-03T16:56:15Z,"nu metal,rap metal,rock,alternative metal","Warner Records",0.615,0.911,1,-3.584,0,0.0278,0.0686,0.00188,0.0908,0.685,108,4
spotify:track:3JvKfv6T31zO0ini8iNItO,"Another Love","Long Way Down (Deluxe)","Tom Odell",2013-06-24,244360,88,true,,2023-02-26T22:11:37Z,"","ITNO/Columbia",0.445,0.537,4,-8.532,0,0.04,0.695,0.0000165,0.0944,0.131,122.769,4
spotify:track:0ZNYGrmcehorhh9JOeg5Iv,"Stay Alive - From ""The Secret Life of Walter Mitty"" Soundtrack","Stay Alive (From The Secret Life Of Walter Mitty)","José González",2013-01-01,266906,70,false,,2023-02-24T20:58:55Z,"indie folk","The Secret Life of Walter Mitty",0.714,0.306,6,-12.111,1,0.0388,0.726,0.168,0.0924,0.314,129.984,4
spotify:track:2nzI2futOM8isgXNKAlQ1m,"A Sky Full of Stars","A Sky Full of Stars","Coldplay",2014-06-29,236379,56,false,,2023-02-19T00:13:50Z,"","Parlophone UK",0.559,0.632,6,-7.132,1,0.028,0.0148,0.00115,0.16,0.258,125.005,4
spotify:track:3UhXPxLDFKCj1ZO6mmtV0a,"Apologize","Dreaming Out Loud","OneRepublic",2007-11-20,208106,75,false,,2023-02-18T23:51:05Z,"soft pop","Mosley / Interscope",0.593,0.74,8,-6.12,1,0.0339,0.364,0.0000214,0.102,0.501,118.01,4
spotify:track:54KFQB6N4pn926IUUYZGzK,"To Build A Home","Ma Fleur","The Cinematic Orchestra;Patrick Watson",2007-05-07,371320,76,false,,2023-02-11T11:42:07Z,"nu jazz,downtempo","Ninja Tune",0.264,0.122,9,-15.399,1,0.0349,0.885,0.349,0.094,0.0735,148.658,4
spotify:track:1mea3bSkSGXuIRvnydlB5b,"Viva La Vida","Viva La Vida or Death and All His Friends","Coldplay",2008-06-06,242373,89,false,,2023-02-10T21:51:09Z,"","Parlophone UK",0.486,0.617,5,-7.115,0,0.0287,0.0954,0.00000323,0.109,0.417,138.015,4
spotify:track:6TEftSkmWdTm1EpThnwqh6,"Wrecked","Mercury - Acts 1 & 2","Imagine Dragons",2022-07-01,244004,74,false,,2023-02-10T21:47:08Z,"","Kid Ina Korner / Interscope",0.625,0.562,0,-5.828,0,0.0289,0.149,0.0000167,0.109,0.229,93.998,4
spotify:track:7jJTRLLwHQsHtBBYCCmqQR,"Game of Survival","Madness","Ruelle",2016-12-09,178566,0,false,,2023-02-10T21:32:57Z,"","Ruelle Music",0.557,0.822,11,-4.973,0,0.0522,0.26,0.0808,0.31,0.153,115.979,4
spotify:track:1u9O8H6eSMx5x1zNOn41WL,"Sweater Weather","Sweater Weather","James Harris",2015-01-13,216915,39,false,,2023-02-06T18:10:08Z,"","Jonathan Maiocco",0.402,0.458,4,-11.54,0,0.103,0.845,0.00459,0.5,0.326,116.157,4
spotify:track:2FkbeqpCrjjDdVH1SZgDo6,"Broken","Yours","Isak Danielson",2018-10-19,216338,0,false,,2023-02-05T20:28:53Z,"","IOD Entertainment",0.434,0.637,5,-6.85,0,0.0613,0.451,0,0.112,0.1,141.869,4
spotify:track:58NyDMjXSBQ9CG3lcvbLKi,"Trouble I'm In","Trouble I'm In","Twinbed",2014-05-07,202500,42,false,,2023-02-05T13:51:52Z,"","Twinbed",0.582,0.323,9,-10.688,0,0.0362,0.634,0.027,0.0892,0.0925,127.959,4
spotify:track:5PaViyJwv0XJbCcrnBNuAt,"Cruel World","Three","Phantogram",2016-10-07,177693,58,false,,2023-02-04T14:00:33Z,"","Universal Records",0.559,0.452,0,-6.549,0,0.0282,0.00179,0.00135,0.376,0.197,80.038,4
spotify:track:3ZHfX6kbiY7JVsB63lLOLu,"The Only Exception","Brand New Eyes","Paramore",2009-09-25,267653,70,false,,2023-02-04T13:47:43Z,"pop punk,emo","Fueled By Ramen/Atlantic",0.452,0.563,4,-6.607,1,0.0272,0.144,0,0.143,0.209,137.715,3
spotify:track:6nXIYClvJAfi6ujLiKqEq8,"Sky's Still Blue","The Daylight EP","Andrew Belle",2012-02-28,244320,56,false,,2023-01-20T16:03:08Z,"","1L Music, Inc.",0.43,0.791,6,-5.419,0,0.0302,0.0726,0.0193,0.11,0.217,171.864,4
spotify:track:0BCPKOYdS2jbQ8iyB56Zns,"Clocks","A Rush of Blood to the Head","Coldplay",2002-08-27,307879,86,false,,2023-01-20T15:54:34Z,"","Parlophone Records Limited",0.577,0.749,5,-7.215,0,0.0279,0.599,0.0115,0.183,0.255,130.97,4
spotify:track:6BePGk3eCan4FqaW2X8Qy3,"10:35","10:35","Tiësto;Tate McRae",2022-11-03,172252,73,false,,2023-01-20T15:52:33Z,"edm,trance,big room,house","Atlantic Records",0.696,0.793,8,-5.733,1,0.097,0.0683,0.00000378,0.18,0.698,120.003,4
spotify:track:3Fcfwhm8oRrBvBZ8KGhtea,"Viva La Vida","Viva La Vida or Death and All His Friends","Coldplay",2008-06-19,242373,75,false,,2023-01-20T15:45:31Z,"","Parlophone UK",0.486,0.617,5,-7.115,0,0.0287,0.0954,0.00000323,0.109,0.417,138.015,4
spotify:track:0Gl5s8IhMmQE5YQwM8Qx1J,"Never Enough","The Greatest Showman (Original Motion Picture Soundtrack)","Loren Allred",2017-12-08,207786,79,false,,2023-01-20T15:43:28Z,"","Atlantic Records",0.277,0.394,8,-8.903,1,0.0336,0.423,0,0.0952,0.227,86.777,3
spotify:track:7EI6Iki24tBHAMxtb4xQN2,"Anywhere","Anywhere","Rita Ora",2017-10-20,215064,62,false,,2023-01-20T15:41:28Z,"","Atlantic Records UK",0.628,0.797,11,-3.953,0,0.0596,0.0364,0,0.104,0.321,106.93,4
spotify:track:2SUxn2O9NHL6GHGQFgwCY0,"2step","=","Ed Sheeran",2021-10-25,153626,65,false,,2023-01-20T15:24:10Z,"soft pop","Atlantic Records UK",0.763,0.661,4,-5.592,0,0.056,0.169,0,0.117,0.632,95.002,4
spotify:track:472vIK1ldetTxRxG3ovaiY,"Glad You Exist","Glad You Exist","Dan + Shay",2021-02-05,144533,56,false,,2023-01-03T18:15:14Z,"country","Warner Records Nashville",0.748,0.551,11,-6.12,1,0.0349,0.235,0,0.119,0.66,103.953,4
spotify:track:0ROMalDdNg3L2HoZP4qFyJ,"The Four Seasons: Concerto No. 4 in F Minor, RV 297 ""L'inverno"" (winter): I. Allegro non molto","Vivaldi: The Four Seasons • Concertos for Bassoon & Violin 'in tromba marina'","Antonio Vivaldi;Adrian Chandler;La Serenissima",2015-09-04,201853,62,false,,2022-12-13T18:20:37Z,"baroque,classical,concerto,early music","AVIE Records",0.4,0.247,5,-18.249,0,0.0423,0.818,0.64,0.119,0.394,162.078,4
spotify:track:0frKt739Ov9vvKS3JRu5Vi,"Perfect Day - Chris Lord Alge Mix","Legally Blonde","Hoku",2001-01-01,206666,57,false,,2022-12-13T18:11:07Z,"","A&M",0.544,0.918,8,-5.197,1,0.0594,0.0193,0,0.0631,0.774,155.705,4
spotify:track:63T7DJ1AFDD6Bn8VzG6JE8,"Paint It, Black","Aftermath","The Rolling Stones",1966-04-15,202266,85,false,,2022-12-10T19:14:57Z,"classic rock,rock","ABKCO Music and Records, Inc.",0.464,0.795,1,-9.267,1,0.0926,0.0493,0.00244,0.399,0.612,158.691,4
spotify:track:1sy0mqUBREJx0A89UsIkIl,"Purge The Poison","Purge The Poison","MARINA",2021-04-14,196573,42,false,,2022-12-09T13:22:33Z,"","Atlantic Records",0.581,0.822,0,-5.082,1,0.0591,0.0519,0,0.08,0.544,139.98,4
spotify:track:0w8HHyqDnkRRUbFzxFRIad,"Paint It, Black - Instrumental Version","Paint It, Black (Instrumental Version)","Absolutely Grand Orchestra",2022-02-18,162413,35,false,,2022-12-05T14:12:55Z,"","ABKCO Music & Records, Inc.",0.139,0.317,11,-15.807,0,0.0409,0.0296,0.875,0.107,0.0516,149.695,4
spotify:track:53jnnqFSRGMDB9ADrNriCA,"Bloody Mary","Born This Way (International Special Edition Version)","Lady Gaga",2011-05-23,244760,76,false,,2022-12-05T14:04:56Z,"art pop,pop","Interscope",0.591,0.634,9,-6.365,0,0.0291,0.0107,0.00000195,0.113,0.44,99.998,4
spotify:track:70HeMk7jR3BgoWcseS01tp,"Awakening","Awakening","Sicard;Raawl",2022-08-19,220010,10,false,,2022-12-04T14:09:10Z,"","Pine House Productions, Delta Records",0.512,0.713,4,-6.79,0,0.0301,0.0272,0,0.103,0.145,104.962,4
spotify:track:2wwko1N7dVjpsHt5Ca9be3,"If I Be Wrong","Quiet at the Kitchen Door","Wolf Larsen",2011-12-06,438700,0,false,,2022-12-04T13:59:41Z,"","Wolf Larsen Records",0.33,0.247,10,-9.825,1,0.0311,0.738,0.0176,0.125,0.202,133.718,3
spotify:track:1ujxjsoNvh4XgS2fUNwkZ2,"Space Song","Depression Cherry","Beach House",2015-08-28,320466,75,false,,2022-12-03T14:28:39Z,"dream pop","Apple Orchard Music",0.509,0.793,0,-7.107,0,0.0293,0.221,0.127,0.144,0.625,147.065,4
spotify:track:2p1zVF6H4EYZCCmJTmROYq,"Anaheim","Amazing Things","DON BROCO",2021-10-22,270099,37,false,,2022-11-27T14:03:10Z,"","SHARPTONE",0.582,0.406,7,-8.358,1,0.0304,0.0206,0.505,0.398,0.125,130.009,4
spotify:track:1by9jxofwB9YKUqOqqOzZM,"Flame of Hope","Tales of Arise (Original Game Soundtrack)","Motoi Sakuraba",2022-09-09,231360,0,false,,2022-11-20T22:53:01Z,"soundtrack,japanese vgm","Bandai Namco Game Music",0.498,0.895,4,-7.834,0,0.0519,0.0244,0.737,0.35,0.606,97.983,4
spotify:track:5iFwAOB2TFkPJk8sMlxP8g,"Make You Mine","Make You Mine","PUBLIC",2019-08-09,232906,73,false,,2022-11-15T02:26:12Z,"","Island Records",0.606,0.799,9,-4.452,1,0.0261,0.0128,0,0.15,0.638,103.014,4
spotify:track:2f0pn9DkEJwAzXApnFh5cr,"Someone To You","Where The Shadow Ends","BANNERS",2019-10-04,219801,78,false,,2022-11-10T01:58:23Z,"","Island Records",0.52,0.903,2,-5.497,1,0.042,0.00517,0,0.254,0.652,74.988,4
spotify:track:0EHJOhOakEiobXo81vegdy,"Dawn - From ""Pride & Prejudice"" Soundtrack","Pride and Prejudice OST","Dario Marianelli;Jean-Yves Thibaudet",2005-01-01,158600,59,false,,2022-11-03T22:34:11Z,"soundtrack,score,classical piano,impressionism,classical","Decca (UMO)",0.332,0.0525,0,-24.1,1,0.0388,0.991,0.891,0.0683,0.097,78.853,3
spotify:track:0zZ61TaCzlBXP87xBa3HuI,"Truth","Game Of Thrones: Season 7 (Music from the HBO® Series)","Ramin Djawadi",2017-08-25,211253,0,false,,2022-11-03T18:09:18Z,"soundtrack,score","WaterTower Music",0.0804,0.216,2,-13.003,0,0.0371,0.526,0.834,0.106,0.0325,82.788,4
spotify:track:6QuCKdMsTW8ppnUiFmxJLF,"Liz On Top Of The World - From ""Pride & Prejudice"" Soundtrack","Pride and Prejudice OST","Dario Marianelli;Jean-Yves Thibaudet",2005-01-01,82773,56,false,,2022-11-02T22:00:37Z,"soundtrack,score,classical piano,impressionism,classical","Decca (UMO)",0.217,0.117,3,-21.398,1,0.0374,0.975,0.911,0.0573,0.0388,46.755,3
spotify:track:4x3qqSA4cP49oZQXPLnDBe,"Runnin'","Trespassing (Deluxe Version)","Adam Lambert",2012-05-08,228533,61,false,,2022-10-18T21:23:06Z,"","RCA Records Label",0.408,0.868,2,-4.438,0,0.0837,0.0082,0,0.151,0.387,83.469,4
spotify:track:6VuztO5yaKP4VjqSkZxpan,"On My Own","What I've Become","Ashes Remain",2011-08-23,172960,66,false,,2022-10-14T08:13:18Z,"christian rock,christian alternative rock","Fair Trade/Columbia",0.361,0.871,8,-4.313,1,0.0393,0.0119,0,0.318,0.575,176.026,4
spotify:track:62wMiHeHq8kWkaBA5cLhWv,"I Really Want To Stay At Your House - Acoustic","I Really Want To Stay At Your House","Lunity",2022-09-30,247800,45,false,,2022-10-09T10:50:20Z,"","Lunity",0.65,0.65,7,-6.708,1,0.0288,0.133,0.0000401,0.217,0.183,125.002,4
spotify:track:09GUtGiMq7LDHLCxyAmukA,"What Could Have Been (from Arcane)","What Could Have Been (from Arcane)","Samuel Kim;Aloma Steele",2021-12-15,213396,0,false,,2022-10-08T23:57:24Z,"anime,melodic bass","Samuel Kim Music",0.21,0.258,8,-8.856,0,0.0299,0.699,0.00000212,0.104,0.177,81.187,4
spotify:track:7mykoq6R3BArsSpNDjFQTm,"I Really Want to Stay at Your House","Cyberpunk 2077: Radio, Vol. 2 (Original Soundtrack)","Rosa Walton;Hallie Coggins",2020-12-18,246652,79,false,,2022-09-24T23:03:20Z,"","Lakeshore Records",0.49,0.738,3,-7.399,0,0.0367,0.00237,0.00000458,0.0851,0.126,124.966,4
spotify:track:6cTWJgNkmhATsI6RJgTPH4,"Hold Me Closer - Eurovision Version","Hold Me Closer (Eurovision Version)","Cornelia Jakobs",2022-02-24,180573,41,false,,2022-09-17T23:12:37Z,"","WM Sweden",0.503,0.608,6,-7.277,1,0.0372,0.0995,0,0.26,0.185,96.967,4
spotify:track:0mAgOUcUmplfqf610W5DVU,"Glasgow","SUCKAPUNCH","You Me At Six",2021-01-15,339760,0,false,,2022-09-16T20:31:05Z,"pop punk","Underdog Records",0.53,0.676,7,-4.1,1,0.0285,0.448,0.000106,0.0883,0.234,88.206,4
spotify:track:2D52zjCyqEIQa221lhw6uk,"This Is War","This Is War","Thirty Seconds To Mars",2009-01-01,326983,4,false,,2022-09-07T18:21:58Z,"","Virgin Records",0.402,0.723,6,-5.26,1,0.0579,0.0663,0.000002,0.233,0.224,160.047,4
spotify:track:1Yi8XPnCPoimWwqxwm3uz9,"Longshot","Longshot","Catfish and the Bottlemen",2019-01-08,232960,46,false,,2022-08-25T10:44:24Z,"indie,indie rock","Universal-Island Records Ltd.",0.481,0.765,7,-4.025,1,0.0388,0.00381,0.000737,0.119,0.465,102.829,4
spotify:track:5O9Dz0h08LuBi0aVvDcylh,"The Resistance","Unleashed","Skillet",2016-08-05,232066,77,false,,2022-08-06T17:15:05Z,"christian rock,christian alternative rock,christian","Atlantic Records",0.483,0.941,2,-3.598,0,0.0575,0.000526,0.0000035,0.31,0.503,156.033,4
spotify:track:40bWOGeQYljPPVRQoM8fNk,"Stay With Me","Stay With Me","Seven Billion Dots",2019-11-23,281186,0,false,,2022-07-12T17:33:49Z,"anime,j-rock","Sony Music Labels Inc.",0.533,0.936,9,-4.679,1,0.228,0.25,0,0.406,0.277,135.042,4
spotify:track:6bTCdqB1PN5J93hiiZvQzW,"lit(var)","A Shape of Light ""A Silent Voice the Movie"" Original Soundtrack","kensuke ushio",2016-09-14,134786,53,false,,2022-07-07T04:07:58Z,"anime","PONY CANYON",0.329,0.258,1,-16.147,0,0.0615,0.943,0.934,0.105,0.0338,95.328,5
spotify:track:0fIEsRVRs5nBFpm96KI7y6,"Kataware Doki","Your Name.","RADWIMPS",2016-08-24,167386,0,false,,2022-07-07T04:02:51Z,"anime,j-pop,j-rock","Universal Music Group",0.558,0.142,5,-14.1,1,0.0451,0.964,0.932,0.0937,0.218,129.931,4
spotify:track:1q560AdzSHpXTr9oZWUsgC,"Counter Attack-Mankind - Sasha Version","Attack on Titan: Final Season Tribute","Samuel Kim",2021-03-26,298944,0,false,,2022-07-06T14:57:05Z,"anime","Samuel Kim Music",0.264,0.127,4,-12.629,0,0.0348,0.959,0.931,0.0969,0.0397,72.819,4
spotify:track:4qGRptIf2ok9nHdDH6VwzW,"a tender feeling","ソードアート・オンライン ミュージックコレクション","Yuki Kajiura",2016-01-27,127213,48,false,,2022-07-06T14:35:55Z,"anime,soundtrack","Aniplex Inc.",0.252,0.0757,9,-20.244,1,0.0418,0.979,0.783,0.076,0.138,139.418,3
spotify:track:0GONea6G2XdnHWjNZd6zt3,"Summer Of '69","Reckless (30th Anniversary / Deluxe Edition)","Bryan Adams",1984-11-05,216053,85,false,,2022-07-01T10:07:40Z,"","A&M",0.509,0.834,2,-6.205,1,0.0386,0.0183,0,0.0732,0.774,139.13,4
spotify:track:0kHWm2Z7j0mamnEkvGP4Af,"Running Up That Hill - Orchestral Version (from ""Stranger Things"")","Running Up That Hill - Orchestral Version (from ""Stranger Things"")","Samuel Kim",2022-06-09,212317,0,false,,2022-06-16T20:41:16Z,"anime","Samuel Kim Music",0.201,0.391,11,-10.519,0,0.0346,0.64,0.965,0.102,0.0393,88.517,4
spotify:track:31VOknKjFrEX47bZXzqcoF,"Next To Me","Evolve","Imagine Dragons",2017-06-23,230288,72,false,,2022-06-15T17:54:43Z,"","Kid Ina Korner / Interscope",0.301,0.672,2,-4.497,1,0.0625,0.28,0.000031,0.0609,0.384,169.512,3
spotify:track:21JTgoZLDB2F4Fx0uRCmTL,"the lonely","lovestrong.","Christina Perri",2011-05-10,233480,46,false,,2022-06-15T17:41:36Z,"soft pop","Atlantic Records",0.237,0.269,7,-9.61,0,0.0298,0.573,0.000283,0.101,0.0681,81.256,4
spotify:track:0DuWDLjriRPjDRoPgaCslY,"Love In The Dark","25","Adele",2015-11-20,285935,82,false,,2022-06-15T17:37:34Z,"soft pop","XL Recordings",0.331,0.341,9,-6.057,0,0.0309,0.528,0,0.109,0.152,109.821,4
spotify:track:7LwGBxB0h0CVmkOZxYKn0g,"In My Veins","In My Veins","Andrew Belle",2010-05-21,318908,60,false,,2022-06-15T17:31:59Z,"","1L Music Inc.",0.548,0.42,0,-7.842,1,0.0277,0.198,0.00000446,0.0899,0.196,128.012,4
spotify:track:5MzXUNfn8AAcz4Z6j2KgTK,"Let It All Go","Wishes (Deluxe Version)","RHODES;Birdy",2015-09-18,280757,60,false,,2022-06-13T03:03:26Z,"","Ministry of Sound Recordings",0.383,0.43,10,-8.644,1,0.0302,0.817,0.00000104,0.0869,0.174,107.005,4
spotify:track:7AYP21Q4qnxw2WxETEvSRb,"Memories","Memories","Conan Gray",2022-04-15,248818,61,false,,2022-06-13T02:56:32Z,"","Republic Records",0.34,0.684,11,-6.306,1,0.044,0.00979,0,0.348,0.556,112.969,4
spotify:track:1cpVLszZnKUHUjsJDTEi3D,"Black Hole - Acoustic Version","Black Hole (Acoustic Version)","Griff",2021-03-19,175979,48,false,,2022-06-11T08:24:14Z,"","Warner Records",0.824,0.3,1,-6.678,0,0.0565,0.854,0,0.174,0.227,112.867,4
spotify:track:3p52HKLY1X9Vfvkkajpfwd,"Fine","Fine","Cornelia Jakobs",2022-03-09,205961,32,false,,2022-06-10T01:27:49Z,"","WM Sweden",0.341,0.277,5,-12.337,0,0.0608,0.861,0.0000229,0.257,0.19,88.031,4
spotify:track:3EsUkO1XncklrPvQaabHaz,"Tusen gånger om (feat. Newkid)","Tusen gånger om (feat. Newkid)","estraden;Newkid",2022-05-20,196800,37,false,,2022-06-03T16:11:19Z,"swedish pop","Sony Music Local",0.694,0.671,6,-6.687,0,0.04,0.0774,0,0.091,0.428,99.943,4
spotify:track:7uQ7e7nzbtyX87eIYHpj6Z,"De Diepte","De Diepte","S10",2022-03-03,176603,53,false,,2022-05-29T15:27:33Z,"nederpop","Noah's Ark BV",0.502,0.397,2,-8.819,0,0.0282,0.378,0.0000344,0.143,0.159,90.043,4
spotify:track:6ChnGkBwnq2HUJD24YhMhW,"Living Life, In The Night","Living Life, In The Night","Cheriimoya;Sierra Kidd",2018-10-14,122517,1,true,,2022-05-24T20:00:19Z,"german hip hop","Cheriimoya",0.618,0.496,0,-9.972,0,0.0504,0.83,0,0.12,0.255,143.299,4
spotify:track:6EDj1nbl9wo6ivGI1t59G4,"Idiota","PIRATA","Jão",2021-10-20,181626,64,false,,2022-05-17T07:57:54Z,"brazilian pop,new mpb,mpb","Universal Music Ltda.",0.669,0.785,4,-6.093,0,0.0421,0.0685,0,0.566,0.84,131.957,4
spotify:track:1FpVJ7HpZInE2GvhVE2TwT,"Legends Never Die","Legends Never Die","League of Legends;Against The Current",2017-09-15,235000,13,false,,2022-05-12T13:36:11Z,"pop punk","Riot Games",0.498,0.598,4,-6.638,0,0.0377,0.00786,0,0.111,0.0573,140.078,4
spotify:track:23E53f3C9SJ9MqBh1f6hEw,"Juramento eterno de sal","Juramento eterno de sal","Álvaro De Luna",2020-11-05,205546,57,false,,2022-05-07T21:47:36Z,"","WM Spain",0.631,0.594,2,-5.727,1,0.0581,0.0225,0.00000191,0.351,0.716,129.991,4
spotify:track:2OPdYnaZVHhb6Jn4LnHzZ2,"Lo jodiste","Lo jodiste","Babi;Boyfifty",2019-08-16,271306,0,true,,2022-05-03T10:36:07Z,"freestyle","Babi",0.744,0.41,0,-10.61,1,0.47,0.411,0.000207,0.0918,0.644,81.974,4
spotify:track:7ridH3hy4aXG6Kn1XomKrO,"Afterlife","The Greatest Mistake of My Life","Holding Absence",2021-04-16,226546,64,false,,2022-04-19T08:03:00Z,"metalcore,post-hardcore,melodic hardcore","SHARPTONE",0.475,0.963,5,-2.651,0,0.0601,0.0016,0,0.344,0.355,134.013,4
spotify:track:7Ag2ayIQrNteKIatjHlLey,"Immortalized","Black Clouds","Hidden Citizens;Keeley Bumford",2017-09-29,228923,42,false,,2022-04-16T13:28:08Z,"","Silver Side Productions",0.252,0.423,9,-8.801,0,0.0431,0.417,0.00000127,0.0738,0.148,129.859,4
spotify:track:43MZ2K6xe4fvg93C95Fays,"Breathe - Legends of Runeterra Version","Breathe (Legends of Runeterra Version)","Fleurie;Legends of Runeterra",2020-04-30,221996,49,false,,2022-04-11T14:49:34Z,"","Fleurieland Records",0.515,0.631,2,-9.072,0,0.0311,0.0452,0.091,0.0607,0.178,140.021,4
spotify:track:30vl7nX9kTYZRfr7kTi0jU,"Running with the Wild Things","In Our Bones","Against The Current",2016-05-20,222973,44,false,,2022-04-11T07:29:15Z,"pop punk","Fueled By Ramen",0.448,0.93,9,-2.282,1,0.121,0.0000273,0,0.352,0.473,159.986,4
spotify:track:2KnLkZ3z7PO3kgVGHGqDpD,"It'll Be Okay","It'll Be Okay","Shawn Mendes",2021-12-01,222800,71,false,,2022-04-08T09:29:13Z,"","Shawn Mendes LP4-5 PS/ Island",0.398,0.286,7,-11.881,1,0.033,0.616,0.000146,0.0912,0.0666,78.262,4
spotify:track:3OdAoVRBtEg3PfsXsVoqFg,"Where The Stars Fall (Up All Night)","Elchronicle Original Soundtrack Season 2","Prod.Dex;DAZBEE",2019-04-17,124607,0,false,,2022-03-31T13:34:56Z,"j-pop,vocaloid","Supa Sounds",0.516,0.482,1,-7.83,0,0.0254,0.346,0.00000348,0.437,0.276,88.045,4
spotify:track:3LgxJ3osWJJvrnmlKcfH7I,"LilaS","LilaS","SawanoHiroyuki[nZk];たかはしほのか",2022-03-20,245397,52,false,,2022-03-30T07:43:21Z,"anime,j-pop,j-rock","Sony Music Labels Inc.",0.558,0.559,5,-4.95,1,0.0273,0.13,0.000651,0.11,0.256,156.156,4
spotify:track:3vRbxXCwb6ToVGcLbOUp1y,"Heavy / Numb / What I've Done / One More Light / In the End","Heavy / Numb / What I've Done / One More Light / In the End","Future Sunsets;Grayson DeWolfe",2018-07-31,250250,0,false,,2022-03-26T23:56:33Z,"","Future Sunsets",0.36,0.499,8,-5.837,1,0.041,0.155,0,0.278,0.225,116.185,4
spotify:track:1TDZIQF6kuQiiSgDG3Kiga,"The Riddler","The Batman (Original Motion Picture Soundtrack)","Michael Giacchino",2022-02-24,301326,35,false,,2022-03-16T14:19:28Z,"soundtrack,score","WaterTower Music",0.124,0.0675,7,-16.486,0,0.0398,0.875,0.954,0.0656,0.0353,62.488,4
spotify:track:1NkI8DtCnjcWVCVLF0gB71,"The Batman","The Batman (Original Motion Picture Soundtrack)","Michael Giacchino",2022-02-24,407533,55,false,,2022-03-16T14:19:27Z,"soundtrack,score","WaterTower Music",0.209,0.152,10,-16.519,0,0.0324,0.5,0.903,0.103,0.0482,80.136,4
spotify:track:3Bd12fCAzf7NQHCtb3p2Si,"Catwoman","The Batman (Original Motion Picture Soundtrack)","Michael Giacchino",2022-02-24,183733,43,false,,2022-03-16T14:19:27Z,"soundtrack,score","WaterTower Music",0.192,0.171,0,-19.085,0,0.036,0.359,0.893,0.124,0.0795,99.387,4
spotify:track:3OUzsBpHB4fkdaRy14IcWx,"All's Well That Ends Farewell","The Batman (Original Motion Picture Soundtrack)","Michael Giacchino",2022-02-24,161146,38,false,,2022-03-16T14:19:24Z,"soundtrack,score","WaterTower Music",0.151,0.163,10,-18.494,0,0.038,0.115,0.882,0.111,0.0373,81.974,4
spotify:track:7uCe2bdPIWYkPOULm9DZO3,"Sonata in Darkness","The Batman (Original Motion Picture Soundtrack)","Michael Giacchino",2022-02-24,731040,40,false,,2022-03-13T17:12:26Z,"soundtrack,score","WaterTower Music",0.385,0.0268,10,-20.757,0,0.0495,0.978,0.874,0.117,0.0466,58.359,3
spotify:track:4gHnSNHs8RyVukKoWdS99f,"Something In The Way","Nevermind (Remastered)","Nirvana",1991-09-26,232146,74,false,,2022-03-13T01:30:39Z,"grunge,rock","Geffen",0.427,0.201,8,-13.044,1,0.0317,0.745,0.263,0.109,0.0668,105.218,4
spotify:track:4sZlYTnmvrFUhMTGPuz3P4,"Backroads (Redux)","The Day's War (Victory Edition)","Lonely The Brave",2015-06-08,256400,39,false,,2022-03-10T08:49:50Z,"","Columbia",0.466,0.536,4,-5.4,1,0.0266,0.000979,0.000521,0.105,0.0922,77.08,4
spotify:track:58AS4weYlUWvGztZbKIuAU,"Leave Out All The Rest","Minutes to Midnight","Linkin Park",2007-05-14,209306,58,false,,2022-03-10T08:44:44Z,"nu metal,rap metal,rock,alternative metal","Warner Records",0.514,0.637,0,-6.418,1,0.0363,0.213,0.00000227,0.389,0.18,80.401,4
spotify:track:3xXBsjrbG1xQIm1xv1cKOt,"One More Light","One More Light","Linkin Park",2017-05-19,255066,78,false,,2022-03-03T12:12:07Z,"nu metal,rap metal,rock,alternative metal","Warner Records",0.593,0.2,8,-11.063,1,0.0311,0.904,0,0.0897,0.17,83.966,4
spotify:track:5ftTH7EI3S4Z0FjuJOnVxy,"The Night We Met (from ""13 Reasons Why"")","The Night We Met","Gavin Mikhail",2017-05-10,177477,33,false,,2022-02-17T19:09:55Z,"","Tower Window Records, Inc.",0.394,0.33,3,-8.117,1,0.0497,0.938,0,0.116,0.204,84.262,5
spotify:track:0V0gY9dRpt2ZpGw9X6mpge,"Cruel Angel's Thesis (From ""Evangelion"")","Anime Songs, #7","Eddie van der Meer",2016-11-29,100466,21,false,,2022-02-02T22:36:08Z,"anime","Eddie van der Meer",0.419,0.431,0,-7.864,0,0.0388,0.506,0.771,0.129,0.443,120.91,4
spotify:track:0ygOBx60exSPPvnI4sS28r,"Silhouette","Silhouettes","Aquilo",2017-01-27,230416,56,false,,2022-01-23T15:59:44Z,"","Universal-Island Records Ltd.",0.234,0.414,1,-8.371,1,0.0476,0.702,0,0.0391,0.144,78.216,3
spotify:track:0NI3EvVqB4ZBTsKl8MYq8W,"Ainda Nos Temos","Festival Da Canção 2022","SYRO",2022-01-21,178399,14,false,,2022-01-22T18:23:36Z,"portuguese hip hop","Universal Music Portugal SA Distributed Labels",0.345,0.339,3,-9.223,1,0.0431,0.788,0.00000184,0.163,0.152,123.441,4
spotify:track:2ipLabibvESApw3fkbx8Av,"Amanhã","Festival Da Canção 2022","Os Quatro e Meia",2022-01-21,179589,47,false,,2022-01-22T18:23:30Z,"","Universal Music Portugal SA Distributed Labels",0.473,0.425,7,-7.359,1,0.0328,0.274,0,0.112,0.217,80.975,4
spotify:track:5YPf64VfZ7LCUlfcKTEENo,"Why?","Festival Da Canção 2022","Aurea",2022-01-21,179285,12,false,,2022-01-22T18:23:20Z,"","Universal Music Portugal SA Distributed Labels",0.5,0.243,8,-10.353,1,0.074,0.746,0,0.168,0.314,128.215,4
spotify:track:13kShSwCdr8BAK5pDBwIpA,"Leaving Netherfield - From ""Pride & Prejudice"" Soundtrack","Pride and Prejudice OST","Dario Marianelli;Jean-Yves Thibaudet",2005-01-01,100880,48,false,,2022-01-17T17:06:28Z,"soundtrack,score,classical piano,impressionism,classical","Decca (UMO)",0.27,0.0651,0,-24.789,0,0.0364,0.986,0.959,0.0694,0.128,103.928,1
spotify:track:2QVXcFv3s3pe0toTVXAutX,"Radiance","Radiance","Vicente Avella",2021-01-15,214668,21,false,,2022-01-17T15:47:21Z,"","Pandora's Boombox Records",0.416,0.208,9,-18.446,0,0.034,0.958,0.898,0.0944,0.153,63.222,4
spotify:track:6ITGgQABtRjbBq3AEBXc4o,"Victim","Victim","Halflives",2021-05-28,200666,43,true,,2022-01-17T14:54:18Z,"","Still Standing",0.65,0.618,9,-7.37,0,0.0373,0.0657,0.0000442,0.277,0.366,89.991,4
spotify:track:2sw8teIvVMRZKKYD5p795f,"Main Title Theme - Westworld","Westworld: Season 1 (Music from the HBO Series)","Ramin Djawadi",2016-12-05,101461,50,false,,2022-01-13T18:54:05Z,"soundtrack,score","WaterTower Music",0.464,0.361,5,-11.171,1,0.0291,0.636,0.952,0.11,0.063,111.168,3
spotify:track:4d3QT8EyzdU5ShmEM71nRc,"In This Shirt","Mirror Mirror","The Irrepressibles",2010-01-01,335127,0,false,,2021-12-30T21:32:56Z,"baroque pop","Of Naked Design Recordings",0.232,0.398,9,-9.574,1,0.0305,0.691,0.384,0.159,0.038,79.799,4
spotify:track:6peFJMhlZsmPf85LJx5DBp,"In The Name Of Love - Acoustic","In The Name Of Love","Gavin Mikhail;The Cameron Collective",2016-11-16,190424,33,false,,2021-12-29T15:00:20Z,"","Tower Window Records, Inc.",0.615,0.483,5,-5.334,1,0.0351,0.892,0,0.175,0.503,133.917,4
spotify:track:75Irhne2WdGiOrGcXVEoOQ,"Alive","Alive","Mashiro Ayano",2020-01-11,235866,0,false,,2021-12-27T11:32:27Z,"anime,j-rock,j-pop","Sony Music Labels Inc.",0.498,0.93,8,-2.669,1,0.0721,0.0123,0.0345,0.39,0.408,90.992,4
spotify:track:28QpCzFbTf09Jsj2zuz58t,"Avid","Avid","SawanoHiroyuki[nZk];mizuki",2021-04-25,250293,58,false,,2021-12-23T23:02:59Z,"anime,j-pop,j-rock","Sony Music Labels Inc.",0.468,0.753,4,-4.329,0,0.031,0.179,0.00000565,0.148,0.18,155.929,4
spotify:track:6YSFQShQdR87tMaQEtUfHo,"takt","takt","ryo (supercell);Mafumafu;gaku",2021-10-05,237500,50,false,,2021-12-23T22:58:41Z,"vocaloid,j-pop,j-rock,anime","©2021 ryo (supercell)",0.482,0.762,0,-4.371,1,0.0551,0.0175,0.00000347,0.519,0.435,90.495,3
spotify:track:0S5OaeNAC1RlO0ZkeuPmhq,"チームの地力","TVアニメ「ハイキュー!!」 オリジナルサウンドトラック 2","Yuki Hayashi",2014-12-21,178000,22,false,,2021-12-22T08:53:34Z,"anime,soundtrack","TOHO animation RECORDS",0.482,0.652,9,-10.592,0,0.0331,0.0047,0.821,0.117,0.293,135.015,4
spotify:track:3YiL8IQa1F2s8v5giGIByj,"Reveil","灼眼のシャナ original sound track","大谷幸",2005,123720,0,false,,2021-12-22T08:48:25Z,"anime","NBCUniversal Entertainment",0.272,0.312,4,-11.988,0,0.0373,0.609,0.892,0.123,0.0357,140.1,4
spotify:track:6eLfvOucdOCnQN8gYpkx08,"Goodbye (From the series Arcane League of Legends)","Arcane League of Legends (Soundtrack from the Animated Series)","Ramsey",2021-11-13,230985,0,false,,2021-11-13T19:15:05Z,"","Riot Games",0.37,0.322,10,-11.764,0,0.0361,0.675,0.000557,0.101,0.0492,164.812,4
spotify:track:0IMJjZtStHUsUz26Ymlcj2,"Guns for Hire (From the series Arcane League of Legends)","Arcane League of Legends (Soundtrack from the Animated Series)","Woodkid",2021-11-13,226460,0,false,,2021-11-13T17:28:40Z,"","Riot Games",0.253,0.298,3,-7.583,0,0.0294,0.29,0,0.117,0.103,139.722,4
spotify:track:2MGl6n14QcvZoAsJR4oIyo,"I Will (From ""Ao Haru Ride"")","Anime Music Collection Piano Solo, Vol. 5","Kenzie Smith Piano",2017-02-27,139760,35,false,,2021-10-12T07:26:44Z,"anime","Kenzie Smith Piano",0.452,0.172,4,-17.752,0,0.0889,0.982,0.907,0.0953,0.302,141.795,4
spotify:track:2cifIyCofixl1a66N8ig9j,"Crossing Field (From ""Sword Art Online"") [Acoustic]","Link Start","AmaLee",2016-03-30,413000,26,false,,2021-10-08T14:47:12Z,"anime","Leegion Creative",0.557,0.322,2,-11.573,0,0.031,0.769,0.000115,0.1,0.119,94.966,4
spotify:track:4vjpLMyL3ZO6aphdYr8XYw,"i'm so tired...","~how i'm feeling~","Lauv;Troye Sivan",2020-03-06,162586,1,false,,2021-10-08T14:37:35Z,"","Lauv",0.576,0.736,11,-7.572,1,0.224,0.178,0,0.238,0.484,101.928,4
spotify:track:2qJkesdHu9sMMVFgkRkqhQ,"Angel","Savages","Theory of a Deadman",2014-07-25,202213,66,false,,2021-10-08T11:06:30Z,"post-grunge,alternative metal","Roadrunner Records",0.443,0.844,11,-5.414,0,0.0425,0.00251,0,0.085,0.452,76.001,4
spotify:track:26D147j5QmHqEezg6xCmP1,"THE BREACH","THE BREACH","STARSET",2021-09-10,260010,0,false,,2021-10-06T16:52:26Z,"","Fearless Records",0.528,0.845,10,-5.056,0,0.0399,0.0000629,0.0000516,0.305,0.336,106.04,4
spotify:track:1cd9rmSi70ass4toRKcAXv,"Empathy - MUNA Remix","Empathy (MUNA Remix)","Lauren Aquilina;MUNA",2021-06-18,188369,0,false,,2021-10-05T18:23:26Z,"","Lauren Aquilina",0.669,0.605,5,-10.591,0,0.0568,0.0116,0.000184,0.726,0.329,103.033,4
spotify:track:1CTLXVeKU8sokgUZNniDNL,"Fools","Fools","Lauren Aquilina",2012-10-22,213250,0,false,,2021-09-26T18:00:38Z,"","Lauren Aquilina",0.478,0.53,11,-9.684,0,0.193,0.853,0.000024,0.085,0.398,169.927,4
spotify:track:2FpWhUMOPGUVR95DkfKjGH,"Cold","Cold","NEFFEX",2018-04-11,186240,8,false,,2021-09-24T19:17:15Z,"","Burning Boat",0.786,0.643,8,-8.851,1,0.0877,0.0664,0.00000126,0.0985,0.702,125.06,4
spotify:track:2vSyy3uURHWNRTbzYbmwZu,"Sinners","Sinners","Lauren Aquilina",2013-07-22,219593,0,false,,2021-09-22T21:16:07Z,"","Lauren Aquilina",0.344,0.479,11,-7.874,1,0.0626,0.801,0,0.072,0.205,152.594,4
spotify:track:0rfG8R3jPzj2fqaX3UfpQF,"Shit Happens","Shit Happens","Katelyn Tarver",2021-07-29,148306,0,false,,2021-08-12T16:45:03Z,"","Compliments Only",0.556,0.243,7,-10.669,1,0.0428,0.794,0.000033,0.105,0.328,107.243,1
spotify:track:2zYwaNg1EdKAab7o5T4eyS,"Alone Star","Alone Star","The Vaccines",2021-08-06,196773,0,false,,2021-08-09T19:56:50Z,"indie,indie rock","Super Easy",0.542,0.938,8,-3.668,1,0.0659,0.00174,0.0093,0.119,0.672,91.023,4
spotify:track:7CRekXE1El0kvLP4BJUn39,"I'm Tired","I'm Tired","Amber Run",2021-07-30,204897,0,false,,2021-08-07T22:37:01Z,"","TRIPEL",0.445,0.581,0,-7.742,1,0.0465,0.711,0.719,0.139,0.283,74.93,4
spotify:track:6c7N5N7amAOpeMykjlovjI,"Walked Through Hell","Walked Through Hell","Anson Seabra",2020-11-20,216864,55,false,,2021-07-31T21:46:03Z,"","Seabra Songs",0.508,0.404,10,-11.092,1,0.0788,0.664,0,0.104,0.129,81.713,4
spotify:track:3T03rPwlL8NVk1yIaxeD8U,"Off My Face","Justice","Justin Bieber",2021-03-19,156467,77,false,,2021-07-20T09:02:57Z,"","RBMG/Def Jam",0.509,0.228,4,-8.68,1,0.0332,0.92,0,0.104,0.586,90.674,4
spotify:track:3pOqrcwEhdxkVWUeeokUrQ,"Fais comme chez toi","Arcadian (Deluxe)","Arcadian",2017-11-03,194946,11,false,,2021-07-01T14:39:07Z,"french pop,variété française,chanson","Universal Music Division Decca Records France",0.687,0.618,11,-6.071,0,0.0256,0.00329,0.00000132,0.889,0.402,126.023,4
spotify:track:4pVgPfvqLQlmS23mD3xqo9,"Bonjour merci","Marche ou rêve","Arcadian",2019-10-04,201866,41,false,,2021-06-27T18:33:35Z,"french pop,variété française,chanson","Universal Music Division Decca Records France",0.414,0.857,7,-4.257,1,0.106,0.155,0,0.108,0.261,134.145,4
spotify:track:3590AAEoqH50z4UmhMIY85,"Torna a casa","Il ballo della vita","Måneskin",2018-10-26,230666,66,false,,2021-05-26T14:37:55Z,"","RCA Records Label",0.425,0.638,1,-3.184,0,0.0759,0.426,0,0.177,0.45,81.396,4
spotify:track:4zXRMjTaeflesB3Ih4eHnJ,"Stand Out Fit In","Eye of the Storm","ONE OK ROCK",2019-02-15,214573,64,false,,2021-05-25T08:03:18Z,"j-rock,j-pop","Fueled By Ramen",0.615,0.841,11,-5.352,1,0.0416,0.0178,0,0.133,0.316,126.026,4
spotify:track:1iL2qN1fpyE9MxUhUUu0O4,"portas do sol","portas do sol","Nena",2020-09-25,228502,44,false,,2021-05-15T20:51:39Z,"","Sony Music Entertainment",0.436,0.288,3,-8.306,1,0.0349,0.745,0,0.0945,0.336,148.481,3
spotify:track:62M9yafZsSRzlsphzeJPGo,"Brother (feat. Gavin DeGraw)","Brother","NEEDTOBREATHE;Gavin DeGraw",2015-02-02,208205,63,false,,2021-05-15T20:38:22Z,"christian,christian folk,christian alternative rock,ccm,christian rock,worship","Atlantic Records",0.526,0.803,11,-3.989,1,0.127,0.135,0,0.119,0.564,157.887,4
spotify:track:2iL0W5qi0ivZ9WRXbZ74cS,"We Are The People (feat. Bono & The Edge) - Official UEFA EURO 2020 Song","We Are The People (feat. Bono & The Edge) [Official UEFA EURO 2020 Song]","Martin Garrix;Bono;The Edge",2021-05-13,217000,58,false,,2021-05-15T20:30:30Z,"edm,progressive house,electronica","Epic Amsterdam",0.66,0.733,0,-4.619,1,0.0359,0.248,0.00000896,0.17,0.304,119.933,4
spotify:track:5eNlrdrZSTnfJjXpPg1ykV,"I Was King","Ambitions","ONE OK ROCK",2017-01-13,238826,54,false,,2021-05-05T15:48:43Z,"j-rock,j-pop","Fueled By Ramen",0.571,0.875,6,-3.279,1,0.039,0.000247,0.00000547,0.106,0.447,92.505,4
spotify:track:1w0hboEMff54kez5XXyRNP,"One Way Ticket","Ambitions","ONE OK ROCK",2017-01-13,216933,54,false,,2021-05-02T15:04:06Z,"j-rock,j-pop","Fueled By Ramen",0.724,0.745,8,-4.781,1,0.0319,0.467,0.00122,0.0692,0.528,97.963,4
spotify:track:4IyfdyOS4ZM4B19uKMd3FJ,"Would Anyone Care","Down the Rabbit Hole","Citizen Soldier",2020-11-20,225674,55,false,,2021-03-25T16:22:26Z,"","Citizen Soldier",0.488,0.392,5,-9.562,1,0.0309,0.0757,0,0.166,0.571,140.209,3
spotify:track:1afyMOxQCyfxUOSrCkStsy,"Wildfire - Alternate Version","In My Body","SYML",2018-01-12,233640,0,false,,2021-03-21T20:23:11Z,"","Nettwerk Records",0.528,0.271,8,-8.771,0,0.0353,0.931,0.0014,0.0956,0.222,127.915,4
spotify:track:0zhzkkSXFj60Y5fzb2j9hU,"King","Fools","Lauren Aquilina",2012-10-22,238000,0,false,,2021-03-18T22:34:32Z,"","Lauren Aquilina",0.693,0.205,4,-9.403,1,0.0276,0.901,0,0.103,0.236,82.44,4
spotify:track:4onOevi4sa7DyLX6igQYOG,"Dancing In The Stars","Dancing In The Stars","Neev",2021-03-07,180000,12,false,,2021-03-16T13:15:13Z,"","Sony Music Entertainment",0.359,0.281,7,-10.724,0,0.0315,0.218,0,0.308,0.161,55.475,4
spotify:track:5DHQKZCOZhGNTbYBCekWx0,"Paralyzed","Mansion","NF",2015-03-31,270453,70,false,,2021-03-10T00:36:13Z,"christian hip hop","Capitol CMG Label Group",0.51,0.643,0,-6.602,1,0.0485,0.214,0.00000322,0.101,0.0397,130.081,4
spotify:track:7HBb0h45HuqUIBmVqN3s92,"Oquelávai","Lado a Lado","D.A.M.A",2017-11-10,203685,43,false,,2021-03-08T21:31:01Z,"","Sony Music Entertainment",0.605,0.502,5,-7.401,1,0.0449,0.58,0.00000728,0.112,0.493,88.945,4
spotify:track:2A5kDNMNh6aMlhY66tgGkq,"Something Trivial","Philosotry","Neev",2020-07-24,255666,4,false,,2021-03-02T17:07:03Z,"","Universal Music Division Polydor France",0.453,0.512,4,-9.962,0,0.0405,0.358,0.00291,0.103,0.27,96.814,4
spotify:track:6gSg3QpIF5yNIxbPg711Wz,"Violent Thing","Violent Thing","Ben Dolic;B-OK",2020-02-27,198986,38,false,,2021-03-02T16:51:17Z,"","Airforce1",0.731,0.867,1,-6.323,0,0.0599,0.273,0.00000333,0.14,0.625,119.967,4
spotify:track:3tpax8RtnwwiFw5QxLWdUY,"Alcohol You","Alcohol You","Roxen",2020-02-21,176648,32,false,,2021-03-02T16:49:01Z,"","Global Records",0.427,0.54,2,-5.571,0,0.0531,0.536,0.0000404,0.122,0.194,128.399,4
spotify:track:5PnNiSp1xeYI318WPHEIzP,"Tears Getting Sober","Tears Getting Sober","VICTORIA",2020-03-07,182228,0,false,,2021-03-02T16:47:13Z,"","Ostereo",0.457,0.147,6,-11.375,1,0.0319,0.935,0.00000656,0.112,0.265,116.186,4
spotify:track:1B3HXkdoNdnLR6aPAOnOe5,"Something Trivial","Something Trivial","Neev",2020-07-03,255666,3,false,,2021-03-02T16:23:55Z,"","Universal Music Division Polydor France",0.476,0.526,4,-10.026,0,0.0401,0.381,0.00217,0.103,0.314,96.895,4
spotify:track:6XSd8IVMM2W7gRQEqisduy,"Não Pertenço Aqui","Não Pertenço Aqui","ÁTOA",2020-08-28,164494,0,false,,2021-02-22T19:36:51Z,"","ÁTOA",0.339,0.451,0,-11.968,1,0.0465,0.178,0,0.075,0.355,88.738,4
spotify:track:0v2rjttl94cRu2tiUvbfG1,"Sem Medo","Presente","Fernando Daniel",2020-07-10,168346,26,false,,2021-02-16T11:37:26Z,"","Universal Music Portugal SA",0.675,0.775,9,-6.435,0,0.0984,0.0318,0,0.171,0.508,121.94,4
spotify:track:0ehX27K0xRFvl5pbLOnHJP,"Hoje","Sem Medos","ÁTOA",2019-05-24,180555,41,false,,2021-02-11T16:44:26Z,"","Universal Music Portugal SA",0.419,0.488,0,-9.944,1,0.057,0.547,0.00000223,0.105,0.237,80.189,4
spotify:track:0faXHILILebCGnJBPU6KJJ,"The Diary of Jane - Single Version","Phobia (Clean Version)","Breaking Benjamin",2006-01-01,200546,79,false,,2021-02-06T18:44:54Z,"alternative metal,post-grunge,rock","Hollywood Records",0.392,0.964,10,-4.441,0,0.0644,0.0000713,0.0387,0.106,0.269,167.024,4
spotify:track:7hDVYcQq6MxkdJGweuCtl9,"ocean eyes","dont smile at me","Billie Eilish",2017-12-22,200379,81,false,,2021-02-06T18:41:36Z,"","Darkroom",0.511,0.363,4,-7.65,0,0.041,0.816,0.0317,0.084,0.169,144.892,4
spotify:track:1ugQtcwmKOXvKAYzhjncmv,"Half A Man","A Place We Knew","Dean Lewis",2019-03-22,179120,76,false,,2021-02-05T19:12:45Z,"","Universal Music Australia Pty. Ltd.",0.411,0.204,0,-11.575,1,0.0578,0.855,0,0.143,0.337,70.853,4
spotify:track:6w8pFOKn42O418qwcQElZ3,"Waves","A Place We Knew","Dean Lewis",2019-03-22,240013,74,false,,2021-02-05T19:12:44Z,"","Universal Music Australia Pty. Ltd.",0.519,0.731,11,-7.192,0,0.0449,0.184,0,0.0643,0.338,156.878,4
spotify:track:0FNgddJJSTS9gSS8QGcxG2,"Cold Love","Modern Jukebox","Of Gentlemen & Cowards",2017-01-27,208120,0,false,,2021-02-02T02:31:58Z,"","Maisonneuve Music",0.494,0.444,5,-6.32,1,0.0256,0.443,0,0.189,0.406,78.72,4
spotify:track:7xpraKSakDJ6WWgjQEtvgT,"Sad Song (feat. Elena Coats)","Somewhere Somehow","We The Kings;Elena Coats",2013-12-16,226330,0,false,,2021-01-29T22:46:43Z,"pop punk","Ozone Entertainment / We The Kings",0.512,0.559,1,-5.498,1,0.0253,0.0843,0,0.0696,0.193,85.017,4
spotify:track:5o0kwxZpDFrbiju7Qii5py,"Perto de Mim","Perto de Mim","SYRO",2020-01-17,225517,0,false,,2021-01-11T17:04:12Z,"portuguese hip hop","SYRO Music",0.42,0.419,2,-7.581,1,0.038,0.678,0,0.0643,0.272,115.386,4
spotify:track:0ZAiqymvbQUZAh9y6ZT3Rm,"XO","i think you think too much of me","EDEN",2016-08-19,159512,61,false,,2021-01-02T00:44:14Z,"","MCMXCV (EDEN)",0.611,0.39,2,-5.861,0,0.116,0.625,0,0.118,0.617,163.897,4
spotify:track:2MaUwANhrU6KF8AK71ezsX,"Tessa","Transformers: Age of Extinction (Music from the Motion Picture) - EP","Steve Jablonsky",2014-06-30,345466,58,false,,2020-12-29T21:40:16Z,"soundtrack,score","Paramount Pictures",0.204,0.268,4,-14.946,1,0.0368,0.861,0.794,0.07,0.0454,120.038,4
spotify:track:41WTP0gosjYD74B06uS2tL,"You Said You'd Grow Old With Me","Wide Awake","Michael Schulte",2012-09-28,224743,58,false,,2020-12-23T23:00:48Z,"","VERY US RECORDS",0.531,0.347,0,-7.044,1,0.0345,0.905,0,0.0935,0.289,114.441,4
spotify:track:6oBqJVl5gjdUV19haZTmBb,"I Miss You","I Miss You","Nathan Wagner",2019-11-01,156521,20,false,,2020-12-05T23:32:27Z,"","734228 Records DK2",0.458,0.601,7,-6.219,1,0.0346,0.000269,0,0.101,0.184,115.11,4
spotify:track:0GLyqTysS0DFoeKjURtB8s,"unravel","Fantastic Magic","TK from Ling tosite sigure",2014-08-27,238360,1,false,,2020-12-05T22:39:05Z,"anime,j-rock,j-pop","NITRON concepts",0.507,0.889,7,-2.755,0,0.086,0.0495,0,0.0983,0.333,135.021,4
spotify:track:0eLBc5hmyH7MnjTsMX8zJU,"名もない花","名もない花","佐藤ミキ",2020-10-18,266746,28,false,,2020-12-01T15:18:32Z,"anime","Sony Music Labels Inc.",0.606,0.419,3,-7.172,1,0.0266,0.762,0,0.129,0.318,139.967,4
spotify:track:1psK2jFlyYfAjyJZOKfoyM,"Rising Hope","Rising Hope","LiSA",2014-05-07,252213,0,false,,2020-12-01T12:45:30Z,"anime,j-pop,j-rock","NITRON concepts",0.504,0.975,8,-2.585,1,0.376,0.0534,0.00000166,0.088,0.668,190.037,4
spotify:track:2twCEq28Qw7FcsznfX4HNv,"Howling","Howling","ASCA",2020-10-04,249851,39,false,,2020-11-21T14:05:02Z,"anime,j-rock,j-pop","Sony Music Labels Inc.",0.55,0.95,8,-2.918,1,0.0858,0.00936,0,0.246,0.674,142.98,4
spotify:track:4KlL5Bwlm4yHYxr0B2rHci,"Heal","Long Way Down (Deluxe)","Tom Odell",2013-06-24,193080,73,false,,2020-10-21T09:38:08Z,"","ITNO/Columbia",0.445,0.179,1,-12.938,1,0.0396,0.952,0.00056,0.107,0.119,72.246,4
spotify:track:4U7G8dgUodMEVSv96QRcDb,"No Friends","No Friends","CADMIUM;Rosendale",2020-03-06,235049,59,false,,2020-09-26T16:40:59Z,"","Cadmium",0.771,0.644,4,-7.746,1,0.0337,0.522,0.00000713,0.076,0.831,145.029,4
spotify:track:4Zwt0IkpzDOW2u0YfV94TK,"Still","Heartbreak Weather","Niall Horan",2020-03-13,251883,60,false,,2020-09-25T13:20:40Z,"","Capitol Records",0.417,0.45,3,-6.198,1,0.0266,0.123,0,0.113,0.288,98.002,4
spotify:track:05Kms0excTlHRel656GZ3U,"Monsters","Monsters","Katie Sky",2014-05-11,217840,61,false,,2020-09-14T11:21:49Z,"","Lab Records Ltd",0.501,0.67,1,-5.847,1,0.0696,0.26,0,0.0774,0.614,175.895,4
spotify:track:640SPuJOpnqNnFAnWnzZZA,"Gravity Falls Theme Song","Gravity Falls Theme Song","Brad Joseph Breeck;The Cog is Dead",2018-10-09,104000,33,false,,2020-09-13T10:52:16Z,"electro swing","Timeship Records",0.498,0.797,2,-5.135,0,0.0285,0.386,0.958,0.24,0.266,85,4
spotify:track:4DTrKnvkHtwQN6kBu4XXIF,"She's So Gone","Lemonade Mouth","Naomi Scott",2011-01-01,186453,68,false,,2020-09-12T23:38:48Z,"","Walt Disney Records",0.518,0.861,11,-4.002,1,0.0673,0.0277,0.00000142,0.249,0.457,141.986,4
spotify:track:72vsd9IEBIonmvIY7TEjXK,"I'll Sleep When I'm Dead","Cinematics (Deluxe)","Set It Off",2012-09-18,204053,58,false,,2020-09-12T21:35:52Z,"","Equal Vision Records",0.402,0.924,1,-3.867,0,0.159,0.00106,0,0.0786,0.445,169.996,4
spotify:track:7s8VgA8OjvwBUuigKzEGBx,"This Is Home","This Is Home","Cavetown",2015-08-03,226073,72,false,,2020-09-12T19:59:19Z,"bedroom pop","Oat Milk Industries and Alternate Side",0.811,0.266,7,-12.478,1,0.0406,0.56,0.00000105,0.0962,0.211,130.044,4
spotify:track:3EmmCZoqpWOTY1g2GBwJoR,"Just Hold On","Just Hold On","Steve Aoki;Louis Tomlinson",2016-12-10,198774,60,false,,2020-09-06T22:02:38Z,"electro house,edm","Ultra Records, LLC",0.647,0.932,11,-3.515,1,0.0824,0.00383,0.0000015,0.0574,0.374,114.991,4
spotify:track:0L5gFNrzHyh4OhMwEz6DGS,"Fool's Gold","FOUR (Deluxe)","One Direction",2014-11-17,210893,65,false,,2020-09-06T22:02:37Z,"","Syco Music",0.515,0.773,6,-4.848,1,0.0479,0.23,0.00000129,0.0938,0.379,128.001,4
spotify:track:4B1rpPmQXwj78wk6aIGwwU,"Two Ghosts","Harry Styles","Harry Styles",2017-05-12,229802,69,false,,2020-09-06T17:48:28Z,"","Columbia",0.386,0.407,6,-7.095,0,0.0268,0.234,0.00000186,0.0999,0.456,69.387,4
spotify:track:5kRPPEWFJIMox5qIkQkiz5,"Sweet Creature","Harry Styles","Harry Styles",2017-05-12,224870,71,false,,2020-09-06T17:48:18Z,"","Columbia",0.427,0.262,7,-8.541,1,0.0276,0.746,0,0.068,0.228,104.085,4
spotify:track:7F9vK8hNFMml4GtHsaXui6,"Back to You (feat. Bebe Rexha & Digital Farm Animals)","Back to You (feat. Bebe Rexha & Digital Farm Animals)","Louis Tomlinson;Bebe Rexha;Digital Farm Animals",2017-07-21,190427,65,true,,2020-09-06T08:19:20Z,"","Syco Music",0.683,0.53,5,-4.918,0,0.142,0.207,0,0.394,0.645,75.016,4
spotify:track:5cbpoIu3YjoOwbBDGUEp3P,"Car Radio","Vessel","Twenty One Pilots",2013-01-08,267720,71,false,,2020-09-02T12:49:50Z,"","Fueled By Ramen",0.766,0.519,9,-7.355,0,0.0366,0.098,0,0.0855,0.612,129.972,4
spotify:track:57Wjcff1bw8TueYvFip4NN,"Monsters","After Hours","Timeflies;Katie Sky",2014-01-01,225293,39,true,,2020-09-01T07:55:32Z,"","Island Records",0.613,0.765,1,-3.909,1,0.0984,0.0195,0,0.039,0.534,88.262,4
spotify:track:2VK7jCGsPH4JULHZJLgsix,"Would Anyone Care","Would Anyone Care","Citizen Soldier",2020-06-10,225674,47,false,,2020-08-12T10:40:43Z,"","Citizen Soldier",0.488,0.432,5,-7.708,1,0.0304,0.0715,0,0.169,0.573,140.12,3
spotify:track:5qCAMmVToq2m3snrMX9mKO,"Chasing Cars","Chasing Cars","The Wind and The Wave",2015-05-01,268893,52,false,,2020-05-23T15:34:01Z,"folk pop","RCA Records Label",0.467,0.307,0,-9.712,1,0.0284,0.556,0.00153,0.0968,0.119,103.808,4
spotify:track:5hnyJvgoWiQUYZttV4wXy6,"Chasing Cars","Eyes Open","Snow Patrol",2006-01-01,267960,84,false,,2020-05-23T15:25:30Z,"","Polydor Records",0.561,0.595,9,-4.53,1,0.0274,0.199,0.0000647,0.132,0.144,104.006,4
spotify:track:5GuLKwgYs2odLi5LwK6oKA,"Swim For Your Life","Swim For Your Life","The Pale White",2019-10-11,262842,0,true,,2020-05-11T20:01:51Z,"","ILLEGAL CINEMA",0.31,0.806,8,-4.936,0,0.126,0.00739,0,0.177,0.432,202.078,4
spotify:track:6eLOyOwKUJvjN0f9equFf8,"So Cold (The Good Wife Trailer)","...As Heard In","Ben Cocks;Nikisha Reyes-Pile",2010-11-16,226986,66,false,,2020-03-13T08:08:34Z,"","UPPM Records",0.516,0.356,10,-13.442,1,0.0315,0.766,0.0187,0.116,0.199,74.995,4
spotify:track:7o7ARUQHGogYASmm1hppQr,"Medo De Sentir","Festival Da Canção 2020","Elisa",2020-01-16,171810,30,false,,2020-03-11T07:33:57Z,"","Universal Music Portugal SA Distributed Labels",0.389,0.487,9,-7.728,0,0.0434,0.563,0,0.11,0.285,153.683,4
spotify:track:0hfVm3p3gSPojQ2qpH3psr,"Unreal","Unreal","Mondays;Melker",2016-09-25,205420,18,true,,2020-02-24T15:16:17Z,"","Epidemic Sound",0.665,0.642,7,-4.779,1,0.0341,0.0223,0,0.176,0.614,105.006,4
spotify:track:34F4GJFUzPvPJmGrTpyqlZ,"Faded (Restrung)","Faded","Alan Walker",2015-12-04,217053,50,false,,2020-01-07T21:24:00Z,"","Kreatell Music",0.382,0.382,6,-6.635,1,0.0306,0.916,0.000309,0.139,0.293,179.844,4
spotify:track:2D9BrlpeyjXF0vli2dYQ5V,"Angels Fall","Dark Before Dawn","Breaking Benjamin",2015-06-23,228866,70,false,,2020-01-04T12:36:31Z,"alternative metal,post-grunge,rock","Hollywood Records",0.4,0.886,7,-5.078,1,0.0521,0.000868,0.000211,0.122,0.406,195.958,4
spotify:track:7HjNOz8Y7H7uSySXuHNg1Y,"Ashes of Eden","Dark Before Dawn","Breaking Benjamin",2015-06-23,293640,62,false,,2020-01-04T12:36:26Z,"alternative metal,post-grunge,rock","Hollywood Records",0.241,0.534,3,-7.207,1,0.0321,0.0561,0.00000213,0.103,0.277,159.974,4
spotify:track:5zT5cMnMKoyruPj13TQXGx,"I Found","5AM (Expanded Edition)","Amber Run",2015-04-20,273000,74,false,,2019-12-27T19:40:12Z,"","RCA Records Label",0.567,0.303,7,-12.481,0,0.0351,0.862,0.00563,0.104,0.252,124.949,4
spotify:track:1ZMiCix7XSAbfAJlEZWMCp,"Falling","Fine Line","Harry Styles",2019-12-13,240139,83,false,,2019-12-27T19:39:31Z,"","Columbia",0.567,0.267,4,-6.502,1,0.0299,0.839,0.00000146,0.089,0.0592,110.011,4
spotify:track:1j4kHkkpqZRBwE0A4CN4Yv,"Dusk Till Dawn (feat. Sia) - Radio Edit","Dusk Till Dawn (feat. Sia) [Radio Edit]","ZAYN;Sia",2017-09-07,239000,72,false,,2019-12-27T19:38:11Z,"","RCA Records Label",0.259,0.437,11,-6.589,0,0.0386,0.102,0.00000132,0.106,0.0951,180.042,4
spotify:track:7qEHsqek33rTcFNT9PFqLf,"Someone You Loved","Divinely Uninspired To A Hellish Extent","Lewis Capaldi",2019-05-17,182160,87,false,,2019-12-27T19:37:23Z,"soft pop","Vertigo Berlin",0.501,0.405,1,-5.679,1,0.0319,0.751,0,0.105,0.446,109.891,4
spotify:track:3vVXzKIlFLYERxMaVFukyr,"Dynasty","Dynasty","MIIA",2015-09-22,225515,0,false,,2019-12-27T19:37:20Z,"","Position Music / Recurrent Records",0.493,0.594,8,-4.404,0,0.0378,0.256,0,0.0759,0.304,123.751,4
spotify:track:2kMAKtrAu16HVWxBnOwuhd,"Hurts Like Hell","Love and War","Fleurie;Tommee Profitt",2016-09-19,232000,0,false,,2019-12-27T19:37:14Z,"","Fleurie",0.433,0.152,9,-13.384,0,0.0369,0.727,0.0000519,0.107,0.0974,129.792,3
spotify:track:3tJjZMHLqhD8DaGgdBICnc,"Saturn","Atlas: I","Sleeping At Last",2014-07-08,289792,72,false,,2019-12-27T19:28:42Z,"","Asteroid B-612",0.167,0.237,3,-13.738,1,0.0352,0.638,0.311,0.109,0.0444,145.036,4
