Track URI,Track Name,Album Name,Artist Name(s),Release Date,Duration (ms),Popularity,Explicit,Added By,Added At,Genres,Record Label,Danceability,Energy,Key,Loudness,Mode,Speechiness,Acousticness,Instrumentalness,Liveness,Valence,Tempo,Time Signature
spotify:track:1xzsEmaU4IXjvxxwQlA8Lz,"Crimewave","Crystal Castles","Crystal Castles",2008-03-18,258453,75,false,,2026-04-29T16:04:11Z,"witch house,electroclash,nova rave,dança alternativa","Last Gang",0.747,0.691,4,-7.533,0,0.0402,0.183,0.0259,0.205,0.887,119.982,4
spotify:track:3PTjxRUcTRSBfKcM5xrIsC,"Enemy","The Year Of Madness","Father Of Peace",2024-09-20,214951,59,false,,2026-04-20T16:07:16Z,"","Father Of Peace under exclusive license to Trade Secret Records",0.354,0.656,6,-8.462,0,0.0446,0.218,0.0000142,0.184,0.348,170.38,4
spotify:track:0du7mdWntlT18xxF2fqHg8,"Moonlighting","Full Moon","Maromaro",2026-03-26,241383,54,false,,2026-04-20T13:03:45Z,"","maromaro1337",0.254,0.752,4,-5.401,0,0.0284,0.000337,0.788,0.352,0.234,81.499,4
spotify:track:4Jm9lloDvt2zdGtt4v6sDK,"Spray Paint Love","Spray Paint Love","Frank Carter & The Rattlesnakes",2017-10-31,202506,31,false,,2026-04-08T07:00:27Z,"","International Death Cult",0.559,0.584,3,-5.556,0,0.123,0.0442,0.0000459,0.0669,0.639,135.943,4
spotify:track:2FEWcWHnDmGD6WSqpW4VYu,"This I Love","Chinese Democracy","Guns N' Roses",2008-11-23,334373,69,false,,2026-03-25T17:31:03Z,"rock,glam metal,hard rock,rock clássico","Geffen",0.263,0.442,8,-8.279,0,0.0309,0.603,0.00000299,0.106,0.133,92.179,4
spotify:track:164zyQpcSBP4EEM3fYsRr6,"Join Me In Death","Razorblade Romance (Deluxe Re-Mastered)","HIM",2014-12-15,216744,0,false,,2026-03-25T17:30:27Z,"metal gótico,rock gótico,rock finlandês","The End Records",0.624,0.708,8,-6.117,0,0.0305,0.0102,0.0000558,0.139,0.515,113.798,4
spotify:track:5X5jatKZnoqUSioVemjniD,"let me fall","let me fall","lords.",2024-03-09,144006,50,false,,2026-03-23T17:55:17Z,"ambiente sombria","VAUVISION",0.625,0.136,1,-19.101,0,0.0359,0.978,0.889,0.137,0.0753,99.875,4
spotify:track:2HerxRQish8VLHvu20oxz2,"Always","Back Into Your System","Saliva",2002-01-01,231200,58,false,,2026-03-20T08:16:00Z,"nu metal,rap metal","Island Records",0.363,0.906,1,-4.415,1,0.0615,0.0122,0,0.172,0.37,181.964,4
spotify:track:0s1PsjRpN9v3gveUOM6Iux,"Neon Roses","Metaphysical","The Technicolors",2017-07-27,236586,58,false,,2026-03-19T16:51:09Z,"","The Technicolors",0.192,0.879,7,-3.19,1,0.0631,0.0000497,0.000161,0.451,0.387,185.821,4
spotify:track:7yNf9YjeO5JXUE3JEBgnYc,"Babydoll","Don't Forget About Me, Demos","Dominic Fike",2018-10-16,97960,100,false,,2026-03-03T15:49:34Z,"","Columbia",0.762,0.604,7,-5.296,0,0.11,0.114,0,0.0271,0.847,168.007,4
spotify:track:79Ed3mO1l2QtAwmmdsbwD7,"Lie","Cruel Melody","Black Light Burns",2007-06-05,259092,47,true,,2026-02-25T07:50:57Z,"rock industrial,metal industrial,industrial","I AM: Wolfpack",0.54,0.94,6,-5.827,1,0.0742,0.000219,0.532,0.079,0.3,99.055,4
spotify:track:5O8L4I2S4izFGDjvP7xAKv,"You Know You're Right","Nirvana","Nirvana",2002-10-29,217000,72,false,,2026-02-19T13:39:33Z,"grunge,rock","Geffen",0.289,0.716,5,-6.53,0,0.106,0.0407,0.00123,0.135,0.344,168.049,4
spotify:track:7IoK6jZBxY7NMoQPoPXZCF,"Passenger","White Pony","Deftones",2000,368666,72,false,,2026-02-19T13:34:48Z,"nu metal,metal alternativo,rap metal,rock,shoegaze","Rhino",0.345,0.797,0,-6.152,1,0.0551,0.00188,0.0668,0.145,0.223,117.987,4
spotify:track:3cbTV3IZZvSBYVcl0xuZbY,"Bound For The Floor","As Good As Dead","Local H",1996-01-01,222960,76,false,,2026-02-19T09:27:55Z,"grunge,pós-grunge","Island Records",0.654,0.53,6,-7.409,1,0.0556,0.000113,0.0197,0.0534,0.584,119.284,4
spotify:track:1VNWaY3uNfoeWqb5U8x2QX,"Lonely Day","Hypnotize","System Of A Down",2005-11-22,167906,85,false,,2026-02-18T09:29:19Z,"nu metal,metal,metal alternativo,rap metal,rock","American/Columbia",0.47,0.796,8,-3.277,0,0.0336,0.362,0.0000011,0.133,0.215,113.108,3
spotify:track:166u1Cs46FmXoOaTGxh8aB,"Out Of Control","The Reason (20th Anniversary)","Hoobastank",2024-01-12,162106,62,false,,2026-02-02T14:44:58Z,"nu metal","Island Def Jam",0.443,0.973,4,-4.386,0,0.133,0.00158,0,0.353,0.458,157.882,4
spotify:track:3Beexlj6IkS2CnvPoxgLMR,"ROADS UNTRAVELED - Acapella","LIVING THINGS: Acapellas and Instrumentals","Linkin Park",2012-06-19,191062,41,false,,2026-01-29T14:25:15Z,"nu metal,rap metal,rock,metal alternativo","Warner Records",0.459,0.175,3,-15.68,0,0.0468,0.853,0,0.356,0.196,99.964,3
spotify:track:09ttHg3ZNVgDlYBZa1ZBw0,"Starburster","Romance","Fontaines D.C.",2024-08-23,221450,76,true,,2026-01-21T07:17:35Z,"pós-punk","XL Recordings",0.511,0.862,10,-5.677,1,0.0659,0.0656,0.00000186,0.0939,0.361,98.021,4
spotify:track:0rPTPahzhGx9LSzI8XX5OM,"Figure.09","Meteora (Bonus Edition)","Linkin Park",2003-03-25,197506,75,false,,2026-01-14T08:21:47Z,"nu metal,rap metal,rock,metal alternativo","Warner Records",0.499,0.95,9,-3.198,1,0.0639,0.00903,0,0.148,0.53,98.019,4
spotify:track:44go3ZmDNtKdfCc15IseAx,"Shame","Loud Rocks","System Of A Down;Wu-Tang Clan",2000-09-05,160666,64,true,,2026-01-14T07:59:45Z,"nu metal,metal,metal alternativo,rap metal,rock,old school hip-hop,hip-hop da Costa Leste,hip-hop,gangster rap,hardcore hip-hop","LOUD Records",0.467,0.849,5,-4.646,1,0.171,0.00312,0.045,0.119,0.764,120.229,4
spotify:track:6GyDY0yE47rfk8pcuKhioh,"Make It Wit Chu","Era Vulgaris","Queens of the Stone Age",2007-01-01,290493,70,false,,2026-01-12T10:43:11Z,"stoner rock,rock alternativo","Interscope",0.708,0.828,9,-5.286,1,0.0286,0.413,0.000104,0.12,0.505,91.977,4
spotify:track:1rzYrkxgRuLLJDqWdB32pK,"Little Sister","Lullabies To Paralyze","Queens of the Stone Age",2005-01-01,174026,62,false,,2026-01-08T14:18:26Z,"stoner rock,rock alternativo","Interscope",0.361,0.962,1,-2.928,1,0.0659,0.0103,0.00103,0.294,0.927,161.292,4
spotify:track:7Hob6XyBMbWwlI8t750FfF,"SOMEBODY GRAB THE WHEEL","NOW THAT'S WHY I KILLED MUSIC","Whitey",2020-08-07,256558,40,false,,2026-01-03T16:03:05Z,"indie rock","NO! Label",0.496,0.726,1,-10.255,1,0.0939,0.00503,0.0000407,0.313,0.433,164.934,4
spotify:track:0omKzKrcS3yDgZci1BzBBP,"Vadio","Vadio","Crônicas de um Babaca;Patricio Sid",2020-05-04,197142,58,true,,2025-12-30T17:14:36Z,"boom bap,hip-hop brasileiro","Cronicas de um Babaca",0.678,0.432,7,-11.953,0,0.403,0.572,0,0.111,0.666,82.645,4
spotify:track:7nzsY8vlnKdvGOEE0rjAXZ,"Arabella","AM","Arctic Monkeys",2013-09-09,207356,77,false,,2025-12-30T09:55:19Z,"indie,rock de garagem","Domino Recording Co",0.579,0.558,2,-6.986,1,0.0895,0.0202,0.00000126,0.212,0.506,179.949,4
spotify:track:60r5tMj5LZsxWVTMvwZIQF,"Aposta Brutal","Aposta Brutal","Henrique Mendonça",2024-08-06,358588,56,true,,2025-12-26T15:24:51Z,"Rap animé","Henrique Mendonça",0.615,0.768,10,-5.057,0,0.24,0.0325,0.0000391,0.174,0.641,169.856,4
spotify:track:1OxcIUqVmVYxT6427tbhDW,"Fly Away","5","Lenny Kravitz",1998-05-12,221332,79,false,,2025-12-18T15:14:35Z,"","Virgin Records",0.587,0.872,7,-5.066,1,0.0484,0.018,0,0.622,0.735,159.925,4
spotify:track:1RjbKbixG5Vdtjr1xoTR3S,"Feel you around","Feel you around","Ashes of Billy",2024-01-11,284645,33,false,,2025-12-18T15:12:42Z,"","Prime Collective",0.407,0.809,0,-5.391,1,0.0604,0.0000269,0.00651,0.137,0.485,160.092,4
spotify:track:43FQs7KUx1P1J7QvO6Fjhc,"Still Just a Rat in a Cage","Still Just a Rat in a Cage","Blue Light Special",2016-01-25,261560,48,false,,2025-12-12T09:01:21Z,"","Orchid Records",0.458,0.702,10,-8.204,0,0.0323,0.00248,0.334,0.118,0.666,122.451,4
spotify:track:51EpFns3CG9taCMQz6XDom,"INVISIBLE","FUTURE PAST","Duran Duran",2021-10-22,191459,75,false,,2025-12-06T15:41:19Z,"new wave,synth pop","BMG Rights Management (US) LLC",0.645,0.867,7,-2.326,1,0.182,0.119,0.0000198,0.413,0.337,113.988,4
spotify:track:0aaOrTcwzvbTni3zUarEaT,"Serotonia","The Boy Who Died Wolf","Highly Suspect",2016-11-18,351386,54,true,,2025-12-05T08:09:04Z,"pós-grunge","300 Entertainment",0.297,0.506,2,-6.609,1,0.033,0.000372,0.000225,0.104,0.11,140.716,4
spotify:track:7qFEFcjmSAtODGtLYqraCq,"It's Goin' Down (feat. Mike Shinoda & Mr. Hahn)","Built From Scratch","X-Ecutioners;Mike Shinoda;Mr. Hahn",2002-02-26,248266,54,false,,2025-12-04T09:04:31Z,"rap metal,rap rock","Epic",0.685,0.89,8,-3.943,0,0.253,0.00183,0.0107,0.0473,0.878,104.919,4
spotify:track:1MdmDW5qhlRjtsOLgIz0jx,"Space Junk (Wang Chung '97)","20th Century Masters: The Millennium Collection: Best Of Wang Chung","Wang Chung",2002-01-01,240533,50,false,,2025-12-02T17:17:16Z,"synth pop,new wave","Geffen",0.782,0.655,7,-8.757,1,0.0506,0.0577,0.143,0.0733,0.701,94.773,4
spotify:track:3p3YCGXfHzWYbMn6Q07zYQ,"Open Car","Deadwing","Porcupine Tree",2005-03-28,226760,50,false,,2025-12-02T14:38:10Z,"rock progressivo,metal progressivo,art rock,space rock","Kscope",0.541,0.502,2,-5.955,0,0.0301,0.00382,0.0131,0.104,0.406,159.978,3
spotify:track:5sFDReWLrZHLFZFjHsjUTS,"Would? (2022 Remaster)","Dirt (2022 Remaster)","Alice In Chains",1992-09-29,206773,79,false,,2025-11-20T08:43:47Z,"grunge,pós-grunge","Columbia",0.297,0.842,6,-7.457,1,0.0488,0.000286,0.0000091,0.0848,0.586,100.127,4
spotify:track:4ltXPf327ewFdmTPp5Skow,"Lay Down","Hello Master","Priestess",2006-06-12,185800,54,false,,2025-11-19T07:51:04Z,"stoner rock","RCA Records Label",0.52,0.886,8,-2.387,1,0.0454,0.00128,0,0.0846,0.636,121.945,4
spotify:track:452nTMj51Dt5P1sSn9bZoN,"Phantom Liberty","Lata Dwudzieste z kawałkiem","Dawid Podsiadło;P.T. Adamczyk",2024-05-10,348573,57,false,,2025-11-16T19:44:22Z,"","Pur Pur",0.386,0.403,9,-8.08,0,0.0363,0.325,0,0.351,0.132,124.116,4
spotify:track:5CQ30WqJwcep0pYcV4AMNc,"Stairway to Heaven - Remaster","Led Zeppelin IV (Deluxe Edition)","Led Zeppelin",1971-11-08,482830,82,false,,2025-11-07T18:56:37Z,"rock clássico,rock,hard rock,rock and roll","Atlantic Records",0.338,0.34,9,-12.049,0,0.0339,0.58,0.0032,0.116,0.197,82.433,4
spotify:track:2hnMS47jN0etwvFPzYk11f,"Santeria","Sublime","Sublime",1996-07-30,182746,85,false,,2025-11-07T08:22:36Z,"reggae rock,ska punk,ska","Gasoline Alley",0.682,0.765,1,-5.021,0,0.0395,0.0268,0.0000342,0.188,0.567,90.807,4
spotify:track:0wzRcekWyVCSyPtlPOeJau,"Go With The Flow","Songs For The Deaf","Queens of the Stone Age",2002-01-01,187146,71,false,,2025-11-02T12:38:50Z,"stoner rock,rock alternativo","Polydor Associated Labels",0.246,0.991,9,-3.903,1,0.087,0.00944,0.0753,0.867,0.415,159.39,4
spotify:track:5Xak5fmy089t0FYmh3VJiY,"Black","Ten","Pearl Jam",1991-08-27,342653,84,false,,2025-11-01T12:17:44Z,"grunge,rock,pós-grunge","Epic/Legacy",0.36,0.684,4,-6.457,0,0.0308,0.323,0,0.34,0.2,77.15,4
spotify:track:5qqabIl2vWzo9ApSC317sa,"Wonderwall - Remastered","(What's The Story) Morning Glory? [Remastered]","Oasis",1995-10-02,258773,82,false,,2025-10-28T14:58:19Z,"pop britânico,madchester","Big Brother",0.376,0.896,2,-4.065,1,0.0395,0.000452,0,0.194,0.472,174.379,4
spotify:track:5mR858YsHYG761aUqZoGkD,"Symphony Of Destruction - Remastered 2012","Countdown To Extinction (Deluxe Edition - Remastered)","Megadeth",1992-06-14,241906,71,false,,2025-10-24T17:01:17Z,"thrash metal,metal,heavy metal,speed metal","Capitol Records",0.663,0.91,4,-5.131,0,0.0495,0.00052,0.675,0.112,0.708,140.044,4
spotify:track:4A065x9kJt955eGVqf813g,"Them Bones (2022 Remaster)","Dirt (2022 Remaster)","Alice In Chains",1992-09-29,149466,74,false,,2025-10-24T16:41:55Z,"grunge,pós-grunge","Columbia",0.16,0.954,9,-5.179,1,0.0685,0.023,0.00000401,0.372,0.336,165.223,1
spotify:track:1jMaB19DiVR8OihLSuYFOt,"Spoonman","Superunknown (20th Anniversary)","Soundgarden",1994-03-09,246920,69,false,,2025-10-24T07:34:20Z,"grunge,pós-grunge,hard rock","A&M",0.457,0.902,7,-5.624,1,0.0313,0.0000217,0.196,0.258,0.834,92.711,4
spotify:track:3jJZVeExYzVYiV6Y9Fl3DX,"Plush","Core","Stone Temple Pilots",1992-09-29,310346,71,false,,2025-10-24T07:21:21Z,"grunge,rock alternativo,pós-grunge,rock","Rhino",0.423,0.954,7,-3.157,0,0.047,0.0021,0,0.177,0.5,144.553,4
spotify:track:7Fm3NhbAYHvTQUhboim9FB,"Rotten Apple","Jar Of Flies","Alice In Chains",1994,418466,71,false,,2025-10-23T18:40:11Z,"grunge,pós-grunge","Columbia",0.31,0.637,3,-8.595,0,0.037,0.215,0.116,0.0619,0.426,147.4,4
spotify:track:6QewNVIDKdSl8Y3ycuHIei,"Even Flow","Ten","Pearl Jam",1991-08-27,292579,82,true,,2025-10-17T20:00:35Z,"grunge,rock,pós-grunge","Epic/Legacy",0.394,0.944,10,-6.506,0,0.0761,0.00178,0.00000454,0.298,0.265,105.338,4
spotify:track:3lPr8ghNDBLc2uZovNyLs9,"Supermassive Black Hole","Black Holes and Revelations","Muse",2006-06-28,212439,84,false,,2025-10-17T08:30:07Z,"rock alternativo,rock","Warner Records",0.668,0.921,7,-3.727,1,0.0439,0.0492,0.00517,0.0877,0.782,120,4
spotify:track:0wvIGFIgbyz4JNwQhZgTv2,"Rooster (2022 Remaster)","Dirt (2022 Remaster)","Alice In Chains",1992-09-29,374333,77,false,,2025-10-15T12:06:07Z,"grunge,pós-grunge","Columbia",0.263,0.562,3,-7.858,1,0.0273,0.0289,0.00118,0.12,0.213,146.08,3
spotify:track:7nnWIPM5hwE3DaUBkvOIpy,"Drive","Make Yourself","Incubus",1999-10-26,232453,82,false,,2025-10-15T11:42:11Z,"nu metal,funk rock,metal alternativo,rock alternativo","Epic/Immortal",0.645,0.792,4,-7.34,0,0.036,0.0562,0.0121,0.119,0.666,90.565,4
spotify:track:2OZVskV28xxJjjhQqKTLSg,"PIXELATED KISSES","PIXELATED KISSES","Joji",2025-10-14,110430,73,true,,2025-10-15T08:22:30Z,"","Palace Creek",0.503,0.739,4,-6.667,0,0.0345,0.0354,0.25,0.421,0.0392,124.003,4
spotify:track:7cLnbmx7ZUWAwyocrKz3wL,"Let Go","CHASE","Aaron May",2019-02-28,176531,33,true,,2025-10-14T11:13:16Z,"","MOVEINTHEAM",0.87,0.498,9,-8.339,0,0.0622,0.046,0,0.146,0.692,110.017,4
spotify:track:15DLl1r2zi07Ssq5RT1yT0,"Wait and Bleed","Slipknot","Slipknot",1999,147840,77,false,,2025-10-13T16:26:30Z,"nu metal,metal,metal alternativo,rap metal,heavy metal","Roadrunner Records",0.382,0.996,7,-4.119,1,0.104,0.00208,0,0.417,0.327,93.345,4
spotify:track:2xt2piJx6jlFkjS77YiqpL,"Like a Stone","Audioslave","Audioslave",2002,293960,79,false,,2025-10-11T18:08:47Z,"grunge,pós-grunge,metal alternativo","Epic",0.614,0.568,7,-5.477,0,0.0276,0.00797,0,0.0997,0.516,107.849,4
spotify:track:2oaK4JLVnmRGIO9ytBE1bt,"Dark Necessities","The Getaway","Red Hot Chili Peppers",2016-06-17,302000,80,false,,2025-10-11T17:57:13Z,"funk rock,rock alternativo,rock","Warner Records",0.7,0.742,5,-6.777,0,0.0716,0.0722,0.0199,0.11,0.197,91.959,4
spotify:track:15VRO9CQwMpbqUYA7e6Hwg,"The Man Who Sold The World - Live","MTV Unplugged In New York","Nirvana",1994-11-01,261093,80,false,,2025-10-10T17:24:53Z,"grunge,rock","DGC",0.483,0.753,1,-8.937,0,0.0832,0.425,0.000142,0.257,0.42,115.102,4
spotify:track:45B6ELT8vbhnlnfxXHW1SR,"Playing Dead","Tanzomat","And One",2011-03-04,389494,54,false,,2025-10-10T17:24:44Z,"ebm,industrial,synth pop,darkwave","Out of Line Music",0.383,0.569,4,-9.496,0,0.0308,0.0472,0.183,0.431,0.185,160.046,4
spotify:track:75tH7hxkJM7pMrGgTfJl7m,"the rot//rot","the rot//rot","inuday",2025-09-18,173609,59,true,,2025-10-09T16:08:50Z,"","inuGo",0.533,0.846,8,-5.686,1,0.0539,0.00767,0.954,0.761,0.643,135.593,4
spotify:track:2XynYulas10Wmef4Gqrxw9,"Hate.","Hate.","ThxSoMch",2023-02-14,134769,71,true,,2025-10-08T11:49:58Z,"","Elektra (NEK)",0.644,0.834,11,-7.497,1,0.0358,0.00161,0.0412,0.0878,0.744,94.922,4
spotify:track:5uuPDgZe2xlN5UN4sUQyAc,"Sleepyhead","Sleepyhead","Jutes",2024-08-01,192340,64,true,,2025-10-08T11:49:53Z,"","Jutes [Too Lost]",0.535,0.844,7,-3.466,0,0.112,0.000959,0.00356,0.578,0.533,141.026,4
spotify:track:5LME7YULt0enp6UAB8VoDn,"Under Pressure","Under Pressure (Deluxe)","Logic",2014-10-21,559533,56,true,,2025-10-06T14:45:15Z,"","Def Jam Recordings",0.701,0.855,11,-5.465,1,0.219,0.238,0,0.106,0.557,83.982,4
spotify:track:62lDcHhYNbOp83fmQujhdS,"White Noise Boys","Starting to Spin","Airways",2017-05-19,215309,40,true,,2025-10-05T14:00:30Z,"","Airways",0.795,0.879,9,-4.896,0,0.0454,0.0356,0.00332,0.296,0.962,135.018,4
spotify:track:7fujLGyPh3b45OwjFhlQ8Q,"Moon Baby","Godsmack","Godsmack",1998-01-01,263133,59,true,,2025-10-03T07:59:02Z,"metal alternativo,nu metal,hard rock,rap metal,metal","Republic",0.257,0.905,6,-6.844,0,0.115,0.0000483,0.00145,0.746,0.428,161.967,4
spotify:track:72lL4MkskqlorFINaVAQpY,"Soul Food","Under Pressure","Logic",2014-10-21,292920,6,false,,2025-09-30T20:51:23Z,"","Def Jam Recordings",0.499,0.866,1,-4.548,0,0.272,0.0566,0,0.34,0.234,91.743,4
spotify:track:0cG9ocYqYOIVtgiWTmTe3g,"Breaking the Girl","Blood Sugar Sex Magik (Deluxe Edition)","Red Hot Chili Peppers",1991-09-24,295373,65,false,,2025-09-26T08:17:02Z,"funk rock,rock alternativo,rock","Warner Records",0.348,0.686,8,-12.748,0,0.0319,0.0233,0.00256,0.145,0.635,178.466,3
spotify:track:2EoOZnxNgtmZaD8uUmz2nD,"Black Hole Sun","Superunknown (Deluxe Edition)","Soundgarden",1994-03-09,318586,80,false,,2025-09-24T15:12:26Z,"grunge,pós-grunge,hard rock","Geffen",0.35,0.828,6,-5.373,1,0.041,0.000217,0.000161,0.0774,0.147,105.435,4
spotify:track:6W21LNLz9Sw7sUSNWMSHRu,"Freak On a Leash","Follow The Leader","Korn",1998-08-18,255729,82,true,,2025-09-23T10:13:19Z,"nu metal,metal,rap metal,metal alternativo","Immortal/Epic",0.353,0.898,2,-5.877,1,0.052,0.0000223,0.105,0.39,0.525,103.299,4
spotify:track:65eohvrL4ttjA7EfFkQOhX,"Points of Authority / 99 Problems / One Step Closer","Collision Course","JAŸ-Z;Linkin Park",2004,295826,65,true,,2025-09-22T15:00:05Z,"hip-hop,hip-hop da Costa Leste,rap,nu metal,rap metal,rock,metal alternativo","Warner Records/Roc-A-Fella",0.547,0.951,1,-4.079,0,0.151,0.00272,0.0000114,0.0862,0.51,95.031,4
spotify:track:1158ckiB5S4cpsdYHDB9IF,"My Own Summer (Shove It)","Around the Fur","Deftones",1997-10-27,214760,84,false,,2025-09-22T14:17:44Z,"nu metal,metal alternativo,rap metal,rock,shoegaze","Maverick",0.443,0.781,1,-4.277,1,0.0377,0.0000133,0.205,0.166,0.372,71.841,4
spotify:track:1gAaRSN57UYVRI4eWRyAvP,"Pushing Me Away","Hybrid Theory (Bonus Edition)","Linkin Park",2000-10-24,191440,71,false,,2025-09-22T14:07:23Z,"nu metal,rap metal,rock,metal alternativo","Warner Records",0.484,0.913,6,-4.305,1,0.0425,0.000391,0,0.309,0.279,103.103,4
spotify:track:6GSeRZk8iHZgyKY3npZcIs,"So Damn Dangerous","For Your Sins","Dea Matrona",2024-03-05,182906,50,false,,2025-09-22T12:51:42Z,"","Dea Matrona",0.563,0.603,8,-8.641,0,0.0418,0.0455,0.0000151,0.107,0.776,181.959,4
spotify:track:0JKhtLEsm4Rij2HK6LyLYc,"HURT (feat. The Warning)","HURT (feat. The Warning)","Dead Poet Society;The Warning",2024-12-12,213924,60,true,,2025-09-21T08:38:57Z,"","Spinefarm",0.542,0.911,9,-3.705,1,0.0759,0.00245,0.00000193,0.224,0.728,159.995,4
spotify:track:0ddFg6avlDX09nRXArgD3X,"taKe","taKe","dye",2024-08-20,188323,58,false,,2025-09-18T12:05:44Z,"shoegaze","Amplified Adrenaline",0.575,0.474,8,-8.251,1,0.0347,0.0496,0.77,0.107,0.135,130.078,3
spotify:track:05UdmOwDMr4LsAk56AFfsE,"Digital Silence","Piggy","Peter McPoland",2023-08-11,198026,65,false,,2025-09-18T10:26:05Z,"","Columbia",0.387,0.966,10,-1.432,0,0.124,0.0855,0.00000755,0.235,0.449,180.064,4
spotify:track:1aXV8GrmQLvgoFtBPERP7E,"Jealous","Jealous","Eyedress",2019-12-06,122338,44,false,,2025-09-17T18:56:46Z,"","Lex Records",0.474,0.921,9,-10.431,0,0.0457,0.00491,0.85,0.476,0.696,93.01,4
spotify:track:2iH3qLjSbjbTGK272vtZOK,"Once Upon a Time in Hollywood","Ultra 85","Logic",2024-08-09,337967,39,true,,2025-09-17T14:08:45Z,"","BMG Rights Management (US) LLC",0.743,0.791,6,-3.077,1,0.207,0.146,0,0.109,0.608,93.025,4
spotify:track:2C2GMGWNUQPshPDeppvCIK,"LOVE ME","Ultra 85","Logic",2024-08-09,195428,38,true,,2025-09-17T13:45:55Z,"","BMG Rights Management (US) LLC",0.351,0.944,4,-4.734,1,0.273,0.847,0,0.134,0.19,137.382,4
spotify:track:6ECp64rv50XVz93WvxXMGF,"This Love","Songs About Jane: 10th Anniversary Edition","Maroon 5",2002,206200,88,false,,2025-09-15T16:12:46Z,"pop","Interscope Records*",0.712,0.862,5,-4.612,0,0.0378,0.0525,0,0.093,0.809,95.051,4
spotify:track:5yBXhB1PPg7Fu7xB5xg4eQ,"Bloody Madness","Bloody Madness","YES AND MAYBE",2025-06-25,210806,50,false,,2025-09-15T12:29:21Z,"","Westward Recordings",0.618,0.464,1,-7.554,0,0.0624,0.0126,0.00216,0.722,0.722,77.522,4
spotify:track:3UKYTljIXlBUdcg0rPS98X,"Troublemaker","From Bad to Worse (And Back Again)","Black Pontiac",2022-09-09,204760,58,false,,2025-09-15T10:36:33Z,"","Black Pontiac",0.686,0.724,6,-6.033,1,0.0604,0.148,0,0.105,0.883,110.385,4
spotify:track:5YVuq5o2PTKwyxmd9Z99PL,"What's My Name","What's My Name","Noshows",2024-10-25,182826,57,false,,2025-09-15T10:34:20Z,"","broke",0.499,0.806,11,-3.322,0,0.038,0.0917,0.0000123,0.0542,0.574,169.988,4
spotify:track:0WngwdBLS8hFbq1C45DiMJ,"The Unknowing","Fear of the Unknown","Jfarrari",2025-01-23,197333,52,false,,2025-09-15T10:32:51Z,"darkwave,pós-punk,cold wave","Jfarrari",0.491,0.859,11,-6.175,0,0.0389,0.00903,0.576,0.157,0.681,179.95,4
spotify:track:4Hff1IjRbLGeLgFgxvHflk,"DARE (feat. Shaun Ryder & Roses Gabor)","Demon Days","Gorillaz;Shaun Ryder;Roses Gabor",2005-05-23,244999,83,false,,2025-09-14T13:51:41Z,"","Parlophone UK",0.76,0.891,11,-5.852,0,0.0372,0.0229,0.0869,0.298,0.966,120.264,4
spotify:track:3Nvzs0cJbLwhXPPlI8xzpC,"Vai Novinha Ah Ah Ah","Ritmo dos Crias","Dyamante DJ",2023-05-25,123820,55,true,,2025-09-12T13:25:51Z,"funk carioca,funk brasileiro","wla music",0.913,0.885,0,-3.885,1,0.0509,0.169,0.00795,0.0859,0.811,130.095,4
spotify:track:5qJqzpNdEbt92roedFwoDR,"Left Hand Free","This Is All Yours","alt-J",2014-09-22,173630,70,false,,2025-09-08T12:03:03Z,"indie,indie rock","Infectious Music",0.697,0.874,3,-4.473,1,0.0496,0.449,0.0144,0.0825,0.81,101.987,4
spotify:track:0Ja4hLKiUSw01E01pJ1yGr,"Breathe","The Fat of the Land","The Prodigy",1997-06-30,336280,72,false,,2025-09-02T14:10:00Z,"big beat,breakbeat","XL Recordings",0.673,0.808,9,-6.183,1,0.0491,0.0121,0.878,0.037,0.303,130.041,4
spotify:track:420JGkyLfLUZcgBHKiIK9v,"45","Leave a Whisper (Deluxe Edition)","Shinedown",2003-07-15,250093,71,false,,2025-09-02T13:42:00Z,"pós-grunge,metal alternativo,rock","Atlantic Records",0.446,0.657,7,-4.494,1,0.0262,0.0022,0,0.189,0.215,152.132,3
spotify:track:1otG6j1WHNvl9WgXLWkHTo,"After The Storm (feat. Tyler, The Creator & Bootsy Collins)","Isolation","Kali Uchis;Tyler, The Creator;Bootsy Collins",2018-04-06,207454,82,false,,2025-09-02T09:37:37Z,"funk","EMI",0.702,0.659,4,-6.766,0,0.13,0.301,0.00201,0.218,0.843,79.64,4
spotify:track:0USEeJtdeeJaQ8EIeBB4cz,"Humble","Humble","Ren;Eden Nash",2019-02-28,175945,64,false,,2025-08-31T15:53:40Z,"","Freckled Angels",0.8,0.594,11,-5.671,0,0.237,0.553,0,0.101,0.773,147.999,4
spotify:track:3RzYbj6Rr6mSJCar4Ua86F,"I Don't Care","I Don't Care","VIOLENT VIRA",2021-09-24,181028,12,false,,2025-08-29T14:26:23Z,"","VIOLENT VIRA",0.367,0.856,1,-7.358,1,0.0783,0.0024,0,0.15,0.253,175.017,4
spotify:track:7EkWXAI1wn8Ii883ecd9xr,"Freaks","Freaks","Surf Curse",2021-05-15,147062,87,false,,2025-08-29T12:37:12Z,"indie","Surf Curse",0.345,0.941,9,-9.918,1,0.0466,0.0000384,0.633,0.0511,0.407,179.626,4
spotify:track:1ndUYRPchJVNQCM7XwN7Hq,"堕天 - Daten","堕天 - Daten","Creepy Nuts",2022-07-08,172948,58,false,,2025-08-29T11:57:28Z,"animé,pop japonês,rap japonês","Sony Music Labels Inc.",0.543,0.901,1,-4.8,1,0.219,0.0118,0,0.325,0.75,199.892,4
spotify:track:5rLi8B8qgk6qThwRnKHW2P,"The Ballad of Mona Lisa","Vices & Virtues","Panic! At The Disco",2011-03-18,226680,71,false,,2025-08-27T14:16:26Z,"emo","Decaydance/Fueled By Ramen",0.436,0.893,9,-4.18,0,0.0556,0.000362,0,0.103,0.0794,124.113,4
spotify:track:3Eudw6awE02R7qxx8ayNH9,"Devil","Devil","Foreign Figures;Jonny T",2025-01-03,173400,53,false,,2025-08-27T12:18:55Z,"","Foreign Figures",0.726,0.679,9,-4.494,1,0.0507,0.103,0.000034,0.0909,0.54,100.006,3
spotify:track:1PY3hHpbSd3vOlhKDxVqR3,"Melatonin","Melatonin","TUZI",2024-05-10,144055,48,false,,2025-08-21T09:54:34Z,"","Plinkhouse",0.634,0.649,1,-10.334,1,0.0567,0.0011,0.157,0.432,0.848,152.883,4
spotify:track:7zoF1WCREeVmUgO9J9xlbf,"God Complex","God Complex","VIOLENT VIRA",2022-04-23,179473,7,false,,2025-08-17T10:57:50Z,"","VIOLENT VIRA",0.466,0.603,0,-4.632,1,0.0355,0.07,0,0.116,0.217,160.133,3
spotify:track:6BD9XMxKnjL6dCJbxXAPUa,"Not Strong Enough","7th Symphony","Apocalyptica;Brent Smith",2010-08-20,216520,69,false,,2025-08-08T07:57:08Z,"metal sinfónico","Harmageddon Records",0.354,0.829,9,-3.834,1,0.047,0.00183,0,0.119,0.195,163.958,4
spotify:track:34FhndFs4d8ltOVj8JqN4s,"Jammin","Olive Green","RUBII",2023-03-10,169846,69,false,,2025-08-06T11:09:49Z,"","RUBII",0.855,0.383,8,-14.495,0,0.0502,0.494,0.00155,0.101,0.789,130.037,4
spotify:track:60rHc4AkLlP4XVSATvBb6K,"I Miss the Misery","The Strange Case of...","Halestorm",2012-04-03,183506,69,false,,2025-08-06T10:56:38Z,"","Atlantic Records",0.469,0.969,0,-2.219,1,0.0589,0.009,0.0000111,0.346,0.476,164.042,4
spotify:track:5UGAXwbA17bUC0K9uquGY2,"Antarctica","Antarctica","$uicideboy$",2016-01-26,126850,78,true,,2025-08-02T06:59:48Z,"emo rap,horrorcore,cloud rap,trap metal,hip-hop underground","G59 Records",0.715,0.633,2,-6.869,1,0.0804,0.553,0.00000445,0.0905,0.319,105.945,5
spotify:track:1JKhyE1kemLVv3on1QEKwA,"BLOOD","AUTONOMY","GEN.KLOUD;KLOUD",2020-10-30,194157,48,false,,2025-07-31T12:36:35Z,"tecno hard","Lowly",0.497,0.825,8,-4.638,0,0.0821,0.0031,0.00496,0.0905,0.235,88.712,4
spotify:track:5Ye1UOlgEP1NOpcCx30MFF,"Deleted","Deleted","Hidden Pillars",2022-09-16,182675,48,false,,2025-07-30T16:09:41Z,"","Hidden Pillars",0.58,0.84,0,-1.927,1,0.0287,0.00574,0,0.215,0.528,89.997,4
spotify:track:4jB3Mw900goYibsFAueHph,"Black Creek","No Place Left to Leave (2006)","Brent Cobb",2020-02-07,212453,73,false,,2025-07-22T19:15:31Z,"outlaw country,americana,country alternativo,red dirt,country blues","Ol' Buddy Records",0.537,0.365,0,-12.303,1,0.0331,0.563,0.0388,0.119,0.441,80.597,4
spotify:track:3x22qcYuGehBV6X0K6HIoO,"MONTAGEM BATCHI","MONTAGEM BATCHI","MXZI;Rushex;MONTAGEM",2025-04-11,79151,72,false,,2025-07-22T11:39:48Z,"phonk,phonk brasileiro,funk","broke",0.685,0.929,1,-2.225,1,0.0281,0.0986,0.126,0.0963,0.637,130.08,4
spotify:track:6JZJMv7FMiEQYnv2WykT7s,"MONTAGEM BATCHI - SLOWED","MONTAGEM BATCHI","MXZI;Rushex;MONTAGEM",2025-04-11,86553,61,false,,2025-07-22T11:21:22Z,"phonk,phonk brasileiro,funk","broke",0.73,0.933,0,-2.566,1,0.0296,0.203,0.0342,0.15,0.254,118.956,4
spotify:track:1pnXMEGyw85jtg9fFZf4GP,"Fleeting Lullaby","UTA'S SONGS ONE PIECE FILM RED","Ado",2022-08-10,173373,64,false,,2025-07-15T19:11:36Z,"pop japonês,animé,vocaloid,rock japonês","Universal Music LLC",0.524,0.914,6,-2.104,1,0.12,0.179,0,0.17,0.63,89.015,4
spotify:track:1uaSioSxdN8Vvil4ZbejD8,"Nakahara","Nakahara","Meiko N Fantasy",2022-12-29,239379,0,false,,2025-07-08T17:26:03Z,"","Meiko N",0.688,0.734,5,-10.283,1,0.0453,0.62,0.0136,0.326,0.909,141.084,4
spotify:track:4KM77RUl2IKdXGhtOBbKIS,"Sixteen Tons","Sixteen Tons","Tennessee Ernie Ford",1955-04-10,155901,67,false,,2025-07-08T10:51:29Z,"country cristão,country clássico","CAPITOL CATALOG MKT (C92)",0.667,0.25,11,-18.533,1,0.217,0.757,0,0.25,0.412,144.145,4
spotify:track:70Amk09XFAR2JJCKYbvPdJ,"Silver Spoon","American Radio","Modern Alibi",2025-04-04,225546,53,false,,2025-06-24T21:42:10Z,"","Modern Alibi",0.704,0.794,11,-5.958,0,0.103,0.00726,0,0.0816,0.736,118.995,4
spotify:track:3zEN0ii6s4DHHBpnTp3RP7,"We Are The People","Walking On A Dream (10th Anniversary Edition)","Empire Of The Sun",2008-10-03,267373,90,false,,2025-06-16T18:28:15Z,"","EMI Recorded Music Australia Pty Ltd",0.675,0.781,4,-5.404,0,0.0306,0.0801,0.0143,0.422,0.534,122.989,4
spotify:track:3vQ4T78TTMOjQXGfXVKQJo,"Redbone","""Awaken, My Love!""","Childish Gambino",2016-12-02,326933,84,true,,2025-06-10T14:01:42Z,"","Glassnote - VMG",0.741,0.354,1,-10.603,1,0.0837,0.181,0.00577,0.118,0.583,160.037,4
spotify:track:0U0ldCRmgCqhVvD6ksG63j,"Nightcall","Nightcall","Kavinsky",2010,258413,76,false,,2025-06-10T11:14:36Z,"synthwave,house francês","Universal Music Division Virgin Records",0.532,0.874,9,-5.183,0,0.0482,0.00842,0.012,0.452,0.361,91.038,4
spotify:track:3YuaBvuZqcwN3CEAyyoaei,"Like a Stone","Audioslave","Audioslave",2002-11-17,293960,82,false,,2025-06-08T09:18:23Z,"grunge,pós-grunge,metal alternativo","Epic/Interscope",0.614,0.568,7,-5.477,0,0.0276,0.00797,0,0.0997,0.516,107.849,4
spotify:track:5mc6EyF1OIEOhAkD0Gg9Lc,"Closer","The Downward Spiral (Deluxe Edition)","Nine Inch Nails",1994-03-08,373306,76,true,,2025-06-06T21:37:21Z,"rock industrial,industrial,metal industrial,metal alternativo,nu metal","Interscope",0.546,0.724,10,-8.639,0,0.0427,0.000273,0.667,0.133,0.586,89.991,4
spotify:track:0z1o5L7HJx562xZSATcIpY,"Exit Music (For A Film)","OK Computer","Radiohead",1997-05-28,267186,80,false,,2025-06-05T17:31:08Z,"art rock,rock alternativo","XL Recordings",0.293,0.276,4,-11.357,0,0.0349,0.224,0.122,0.167,0.195,121.603,4
spotify:track:6K4t31amVTZDgR3sKmwUJJ,"The Less I Know The Better","Currents","Tame Impala",2015-07-17,216320,91,true,,2025-05-28T21:59:46Z,"neopsicadélica,indie","Universal Music Australia Pty. Ltd.",0.64,0.74,4,-4.083,1,0.0284,0.0115,0.00678,0.167,0.785,116.879,4
spotify:track:24wT9mkalLcUIDt9rkpYJJ,"Let You Down","Lata Dwudzieste z kawałkiem","Dawid Podsiadło",2024-05-10,230080,54,false,,2025-05-15T06:02:28Z,"","Pur Pur",0.541,0.356,0,-8.435,1,0.0264,0.198,0.0212,0.106,0.0954,110.037,4
spotify:track:1p4EbJLS0jdWX3tOHdru8S,"Tetoris","Tetoris","柊マグネタイト",2024-11-27,142588,67,false,,2025-04-29T06:28:46Z,"vocaloid","柊マグネタイト",0.584,0.945,6,-4.053,0,0.0905,0.00111,0.0134,0.306,0.75,170.055,4
spotify:track:2m3Fqmw1mfs39KklPmjq79,"Por Mi México (Remix)","Por Mi México (Remix)","Lefty Sm;Santa Fe Klan;Dharius;C-Kan;MC Davo;Neto Peña",2023-08-24,405000,72,true,,2025-04-29T06:06:34Z,"hip-hop mexicano,hip-hop latino,corridos eletro,rap","Alzada Corp",0.731,0.664,6,-4.844,0,0.243,0.00973,0,0.345,0.783,159.985,4
spotify:track:0aYQsp1vZZcX0JBEJvKF7N,"Words As Weapons","Isolate And Medicate (Deluxe Edition)","Seether",2014-01-01,240200,67,false,,2025-04-09T15:40:16Z,"pós-grunge,metal alternativo,rock","Fantasy Records",0.593,0.903,5,-5.537,0,0.0581,0.0113,0.000315,0.0449,0.614,109.858,4
spotify:track:1pr9TZGOXeJUggIal1Wq3R,"Blind","Korn","Korn",1994-10-11,258266,80,false,,2025-04-09T12:39:19Z,"nu metal,metal,rap metal,metal alternativo","Immortal/Epic",0.283,0.891,2,-8.165,1,0.178,0.00678,0.0038,0.159,0.226,92.049,4
spotify:track:1pTw2cNrp9L3esxLAvWnN2,"Separate Ways (Worlds Apart) [2023 Remaster]","Frontiers (2023 Remaster)","Journey",1983-02-01,323453,78,false,,2025-04-08T13:02:38Z,"aor,rock clássico","Columbia",0.469,0.96,4,-4.809,0,0.0629,0.141,0.00000181,0.334,0.37,131.707,4
spotify:track:4Hs0dbbWphP4ILaGaV9dYb,"Come Home","Come Home","Jace June",2025-03-26,168001,70,false,,2025-04-07T09:54:19Z,"","Jace June",0.384,0.377,2,-8.12,0,0.0563,0.165,0,0.917,0.267,81.259,4
spotify:track:0FlDXblb4uSXEWg5XWnBTy,"Raging on a Sunday","206: Act II","Bohnes",2018-11-23,208880,65,true,,2025-04-05T10:42:19Z,"","Nettwerk Music Group",0.48,0.83,3,-6.665,0,0.071,0.129,0.000633,0.264,0.47,149.878,4
spotify:track:417a1PceLb6Z5lnJaRrN07,"Tonight Is The Night I Die","The Bastards","Palaye Royale",2020-05-29,172170,1,false,,2025-04-03T15:43:42Z,"","Sumerian Records",0.361,0.729,4,-6.014,0,0.0538,0.0303,0.0000456,0.346,0.371,143.928,4
spotify:track:0eV3PB3T0OxW4feG1DlOjQ,"Hearts on Fire","Crimson Thunder","HammerFall",2002-10-28,231386,62,false,,2025-04-03T15:29:46Z,"power metal,metal,speed metal,heavy metal,metal sinfónico,folk metal","Nuclear Blast",0.577,0.901,1,-5.981,1,0.0492,0.000431,0.00000359,0.672,0.337,90.997,4
spotify:track:63OQupATfueTdZMWTxW03A,"Karma Police","OK Computer","Radiohead",1997-05-28,264066,82,false,,2025-03-28T16:03:33Z,"art rock,rock alternativo","XL Recordings",0.36,0.501,7,-9.129,1,0.0258,0.0638,0.0000932,0.172,0.324,74.807,4
spotify:track:2DlHlPMa4M17kufBvI2lEN,"Chop Suey!","Toxicity","System Of A Down",2001-09-04,210240,87,false,,2025-03-26T07:43:04Z,"nu metal,metal,metal alternativo,rap metal,rock","American/Columbia",0.417,0.934,7,-3.908,0,0.119,0.000278,0.0015,0.132,0.287,127.066,4
spotify:track:5FQXMRDSTkn9fowDJ3kZo8,"You're Going Down","Tri-Polar (International Version)","SICK PUPPIES",2009,187346,63,true,,2025-03-25T16:02:08Z,"","Virgin Records",0.49,0.833,6,-5.899,1,0.0487,0.0116,0.000504,0.15,0.39,89.981,4
spotify:track:1Qdnvn4XlmZANCVy3XjrQo,"Show Me How to Live","Audioslave","Audioslave",2002-11-17,277840,74,false,,2025-03-21T14:17:07Z,"grunge,pós-grunge,metal alternativo","Epic/Interscope",0.433,0.854,9,-3.868,1,0.0483,0.000336,0.000177,0.162,0.368,89.4,4
spotify:track:3850dYVgOFIXJh5U4BFEWH,"Hung Up","Confessions on a Dance Floor","Madonna",2005-11-11,337733,83,false,,2025-03-05T10:18:37Z,"","Warner Records",0.649,0.647,9,-7.695,0,0.0452,0.0039,0.161,0.0686,0.405,125.02,4
spotify:track:754WgEesWgssZG3XzU9XcG,"Nuclear","Man On The Rocks","Mike Oldfield",2014-01-01,303986,54,false,,2025-02-24T14:05:55Z,"rock progressivo,new age","EMI",0.402,0.525,5,-6.456,0,0.0301,0.0345,0.000287,0.134,0.31,135.104,4
spotify:track:2F6FfZ4w8z3eJpSxPotVO5,"Falling Away from Me","Issues","Korn",1999-11-09,270920,78,true,,2025-02-22T14:39:33Z,"nu metal,metal,rap metal,metal alternativo","Epic/Immortal",0.468,0.769,4,-7.036,1,0.041,0.00014,0.00124,0.271,0.17,104.102,4
spotify:track:5aeIj88MLdekYvObw5Yisk,"Is There Anybody Out There?","Is There Anybody Out There?","Machine Head",2016-06-03,272665,61,false,,2025-02-19T11:08:35Z,"groove metal,metal,nu metal,thrash metal,hard rock,heavy metal","Nuclear Blast Entertainment",0.408,0.953,7,-3.883,1,0.226,0.00532,0,0.338,0.291,177.94,4
spotify:track:3o7TMr6RmIusYH7Kkg7ujR,"Coming Undone","See You On the Other Side","Korn",2005-12-06,199773,79,false,,2025-02-17T07:23:00Z,"nu metal,metal,rap metal,metal alternativo","Tempo Music",0.687,0.677,2,-4.172,1,0.0508,0.000643,0.000137,0.0564,0.545,75.052,4
spotify:track:18ao7gOG21INdjT6OhYMz9,"sLeepwALkeR","sLeepwALkeR","The Pretty Wild",2024-10-28,206516,25,false,,2025-02-13T15:05:11Z,"metalcore","The Pretty Wild",0.478,0.964,6,-3.665,1,0.135,0.00196,0,0.396,0.674,155.041,4
spotify:track:466C6kwoJHLUJ8VHG98hCY,"Roundabout - 2024 Remaster","Fragile (Super Deluxe)","Yes",1971-11-12,516245,66,false,,2025-02-13T15:02:26Z,"rock progressivo,art rock,aor","Rhino Atlantic",0.429,0.711,4,-11.314,0,0.0793,0.148,0.0514,0.291,0.416,132.143,4
spotify:track:4Zurs57mu6Iz9JasAPDWiQ,"New Jeans - Jersey Club","New Jeans (Jersey Club)","Dxrkaii;Jiandro",2024-10-11,98839,0,false,,2025-02-05T10:06:01Z,"jersey club","The Method",0.925,0.77,5,-4.185,0,0.309,0.335,0.00105,0.0782,0.424,139.026,4
spotify:track:52Howm9AUZTymhgCKoF4O5,"Gardens III","Ultra 85","Logic",2024-08-09,314826,39,true,,2025-02-04T20:57:40Z,"","BMG Rights Management (US) LLC",0.649,0.946,6,-2.976,1,0.241,0.24,0.000157,0.172,0.644,92.906,4
spotify:track:7vcKbYEM5MMohOttO2N0rf,"Remember me","Delta Ultimate Collection Presents","Leslie Parrish",2019-03-01,325366,52,false,,2025-02-04T12:30:00Z,"","DMI Music",0.564,0.976,5,-6.132,0,0.0395,0.0155,0.0118,0.334,0.832,153.772,5
spotify:track:4mn2kNTqiGLwaUR8JdhJ1l,"House of the Rising Sun","The Singles Plus","The Animals",1987-10-19,269906,81,false,,2025-02-03T20:04:16Z,"rock clássico","Parlophone UK",0.316,0.484,9,-9.11,0,0.0308,0.000334,0.00445,0.0912,0.299,117.363,3
spotify:track:10rChmECwPcvTTj4w07hq4,"Welcome to My Life","Still Not Getting Any...","Simple Plan",2004-10-25,206773,73,false,,2025-01-30T20:09:29Z,"punk pop,punk,emo","143/Atlantic Entertainment",0.421,0.858,1,-4.535,1,0.0963,0.0134,0,0.067,0.491,173.255,4
spotify:track:5szUtz8iin8bKHiMF2saYa,"Hell March","Command & Conquer: The Ultimate Music Collection","Frank Klepacki",2012-10-02,383173,50,false,,2025-01-30T18:58:36Z,"","EA Music",0.551,0.91,2,-6.328,1,0.0591,0.000781,0.829,0.704,0.177,121.458,4
spotify:track:5AuzysaHMCMHvv6Ppyx9lI,"Damage","Steady Damage","Fit For Rivals",2009-07-18,187933,20,true,,2025-01-28T20:15:27Z,"queercore,emo","Fit For Rivals",0.448,0.935,2,-3.34,0,0.108,0.000266,0.0000143,0.163,0.449,164.97,4
spotify:track:5v2wBVnZ8Wdj1qwIqhcVw2,"The Love I Lost","In Excellent Order","Fried By Fluoride",2023-07-14,112171,63,false,,2025-01-23T07:15:52Z,"","Fried By Fluoride",0.132,0.891,6,-3.374,0,0.228,0.000373,0.0063,0.762,0.288,209.762,4
spotify:track:291IkUGlq5miJ0R1rEGSf5,"Daddy Cop (From the TV Show ""The Rookie"")","Daddy Cop (From the TV Show ""The Rookie"")","Zander Hawley",2024-02-28,137626,67,true,,2025-01-23T07:15:49Z,"","Zander Hawley",0.676,0.494,11,-6.477,1,0.0307,0.236,0,0.185,0.757,127.061,4
spotify:track:4aT2W9wchQKAimxVFSRIva,"SPOOKY","SPOOKY","fennecxx;DJ ALEX",2024-10-24,96923,75,true,,2025-01-23T07:15:35Z,"phonk,phonk brasileiro","Lunar Media",0.645,0.907,8,-1.85,0,0.18,0.0157,0.0538,0.452,0.357,130.131,4
spotify:track:3MAFVGKEVV9EgO1lQnPqcc,"One For the Money","Ungrateful","Escape the Fate",2013-05-14,199950,66,true,,2025-01-12T21:57:16Z,"emo,pós-hardcore,screamo,metalcore","Endurance Music Group",0.525,0.964,5,-3.451,0,0.0571,0.000328,0.0000055,0.0527,0.385,90.013,4
spotify:track:2CASGo9Wmd6Dxrq3ygnRjf,"Jenny","Nothing More","NOTHING MORE",2014-06-23,236600,70,false,,2025-01-12T21:41:41Z,"","Endurance Music Group",0.524,0.914,11,-7.967,0,0.166,0.00107,0.0000151,0.545,0.198,105.957,4
spotify:track:2vsFAkp6P14vOjvmLdnBkb,"","","",0000,0,0,true,,2025-01-07T11:01:20Z,"","",0.644,0.944,3,-1.765,0,0.0372,0.0141,0.000304,0.626,0.352,95.004,4
spotify:track:2dDjXlJa6pnOTGl8C8iChL,"Firestarters","Firestarters","Sawyer Hill",2023-10-13,205351,58,false,,2024-12-23T11:58:04Z,"","Sawyer Hill",0.309,0.694,0,-5.18,0,0.0438,0.0166,0,0.662,0.394,176.269,4
spotify:track:3oZUlZMXkj51AyYG8lGaE7,"Shut Me Up","You'll Rebel to Anything (Expanded and Remastered 2008)","Mindless Self Indulgence",2005,168533,73,true,,2024-12-16T21:12:01Z,"","Metropolis Records",0.589,0.797,1,-4.213,1,0.174,0.000673,0,0.0246,0.786,174.041,4
spotify:track:6eALDNWmqM0BAygu09GR1G,"Casa -vem fazer de conta (feat. Manel Cruz)","Re-Definições","Da Weasel;Manel Cruz",2004-06-11,299586,40,false,,2024-12-07T22:51:51Z,"hip-hop português,fado","Parlophone Portugal",0.796,0.296,0,-7.882,1,0.113,0.52,0.0129,0.0834,0.383,74.244,4
spotify:track:2yhpa4tgc5SeM6ErBm26fK,"They Don't Care About Us","Love, Lies & Therapy","Saliva",2016-06-10,244040,62,false,,2024-11-26T10:08:22Z,"nu metal,rap metal","UMe Direct 2",0.596,0.909,7,-3.68,1,0.0422,0.00122,0,0.0522,0.609,89.976,4
spotify:track:52KvuGmgcgRdrLMXOtda0E,"The Stroke - Remastered 2010","Don't Say No (Remastered 2010)","Billy Squier",1981,217613,70,false,,2024-11-12T09:40:51Z,"rock clássico,aor","Capitol Records",0.67,0.591,7,-6.012,1,0.0646,0.62,0,0.373,0.8,91.439,4
spotify:track:473xAny4InLJTlWnUNEwZq,"Impossible","Glory","Manafest",2006,238386,2,false,,2024-11-12T09:29:15Z,"rock cristão,hip-hop cristão,rock alternativo cristão,rap rock","Manafest Productions",0.453,0.898,1,-3.132,1,0.108,0.00877,0,0.136,0.525,160.096,4
spotify:track:6gijbGNDNNJgT60Aj7UCyc,"Living in the Shadows","Living in the Shadows","Matthew Perryman Jones",2016-01-15,212386,52,false,,2024-11-11T21:12:34Z,"","MPJ Music",0.418,0.79,4,-6.599,0,0.0506,0.0284,0.00000996,0.117,0.197,175.975,4
spotify:track:1Jmqubf9kGkWeYQXQKImL5,"People Are Strange","Strange Days","The Doors",1967-09-25,130173,74,false,,2024-11-08T11:47:00Z,"rock psicadélico,rock clássico,acid rock","Rhino/Elektra",0.699,0.467,4,-8.578,0,0.0375,0.685,0,0.315,0.764,119.287,4
spotify:track:4xTgbiXPiMy4u4veI4j9tk,"Shadow","A Hometown Odyssey","Livingston",2024-03-08,157714,69,false,,2024-11-04T17:27:51Z,"","Big Up Entertainment/Livingston",0.737,0.701,2,-4.44,1,0.0929,0.101,0,0.0643,0.619,140.055,4
spotify:track:1skoqZsPUi4AGX8t18wTJB,"Falling Faster","Falling Faster","Dylan Espeseth",2021-11-19,92141,57,false,,2024-11-04T17:23:19Z,"","prairy",0.601,0.437,11,-5.893,0,0.0393,0.704,0,0.351,0.877,127.741,4
spotify:track:4lhqal0Hq63U2wETCeBdG1,"We Are One","The Only Easy Day Was Yesterday","12 Stones",2010-01-01,206706,51,false,,2024-10-28T18:13:26Z,"rock cristão,pós-grunge,rock alternativo cristão","The Bicycle Music Company",0.444,0.974,5,-4.041,0,0.114,0.000119,0.0000164,0.233,0.306,127.102,4
spotify:track:4AVxmpwfXH7p4YyTbg9nS4,"Falling Inside the Black","Comatose","Skillet",2006-10-04,210026,66,false,,2024-10-23T06:27:47Z,"rock cristão,rock alternativo cristão,cristã","Lava/Atlantic",0.501,0.942,4,-3.127,0,0.0905,0.00197,0,0.182,0.461,92.967,4
spotify:track:2WSWm0zlL3CJRACHS5KXbB,"Y'all Want a Single","Take A Look In The Mirror","Korn",2003-11-19,197906,69,true,,2024-10-22T07:36:18Z,"nu metal,metal,rap metal,metal alternativo","Epic",0.758,0.813,0,-3.685,1,0.0779,0.0101,0,0.538,0.721,118.025,4
spotify:track:2OQJKTtrH482waGFmOfJni,"We Own It (Fast & Furious)","B.O.A.T.S. II #METIME (Deluxe)","2 Chainz;Wiz Khalifa",2013-01-01,227906,72,false,,2024-10-22T06:43:03Z,"hip-hop do sul,rap","Def Jam Recordings",0.563,0.902,1,-4.586,0,0.404,0.0545,0,0.0524,0.557,172.004,4
spotify:track:0BLx0YtyKuYoqcTLH75jAQ,"Mirrors","Expressions","Zander Reese",2020-04-03,174000,24,true,,2024-10-22T06:42:57Z,"","Transient Enterprises",0.61,0.735,9,-6.2,0,0.0443,0.0299,0,0.565,0.447,119.954,4
spotify:track:6RIguoA2YSb8IgMgjLaYQE,"life force","freedom from self","ptasinski;RJ Pasin",2024-09-16,109440,2,false,,2024-10-22T06:15:16Z,"phonk","Isekai Records",0.511,0.645,11,-7.729,1,0.0362,0.0112,0.941,0.308,0.478,124.896,3
spotify:track:6MdqqkQ8sSC0WB4i8PyRuQ,"No Diggity","Another Level","Blackstreet;Dr. Dre;Queen Pen",1996-09-09,304600,81,false,,2024-10-14T18:24:46Z,"new jack swing,old school hip-hop,g-funk,gangster rap,hip-hop da Costa Oeste,hip-hop,rap","Interscope",0.867,0.646,1,-4.674,0,0.288,0.303,0,0.279,0.67,88.634,4
spotify:track:3xSyhYmk0s4ySQcluJWxp9,"No Glory","No Glory","Skan;Drama B;M.I.M.E;Krale",2017-06-12,276000,57,true,,2024-10-14T07:46:47Z,"trap eletrónico","Skan, Krale, M.I.M.E & Drama B",0.455,0.834,4,-4.751,0,0.106,0.00665,0.0000348,0.154,0.258,75.643,4
spotify:track:2qABxQZhfAthNxszLiSsUw,"Hell Yeah","Light It Up","Rev Theory",2008-01-01,247613,63,false,,2024-10-14T07:45:42Z,"","Rev Theory / Brian Howes",0.357,0.982,3,-3.41,0,0.107,0.000105,0.00000364,0.0222,0.368,167.889,4
spotify:track:0tuhblngQefH2uMwkfYx61,"Livin' La Vida Loca","Silver Screens","Autumn Kings",2017-03-10,236262,56,false,,2024-10-14T07:42:26Z,"","Autumn Kings",0.383,0.981,1,-3.4,0,0.258,0.000125,0.0000832,0.385,0.511,177.016,4
spotify:track:2yR2sziCF4WEs3klW1F38d,"KEEP UP","KEEP UP // FROSTBITE","Odetari",2024-07-17,133226,76,true,,2024-10-14T06:11:02Z,"hyperpop","APG, Inc. - Odetari II",0.476,0.829,10,-3.806,0,0.0658,0.0172,0.00916,0.167,0.505,139.198,4
spotify:track:6voIJ7OWwRabSZDC77D5Hp,"Trouble’s Coming","Typhoons","Royal Blood",2021-04-30,228400,64,false,,2024-10-08T08:55:41Z,"rock de garagem,rock","Warner Records",0.775,0.688,1,-5.038,0,0.0384,0.0533,0,0.321,0.805,112.009,4
spotify:track:0lrrOTSB1vEOEphSG8CSsD,"Survivor","Survivor","All Good Things",2022-07-22,193840,55,false,,2024-10-07T07:01:13Z,"","Better Noise Music",0.236,0.902,1,-4.381,1,0.0943,0.00788,0,0.291,0.73,80.156,4
spotify:track:2y42aEs7Rczw5eMLK9UMeW,"I Should Have Stayed at Home","I Should Have Stayed at Home","Ryan Mack",2023-04-07,163013,66,true,,2024-10-06T16:45:12Z,"","Ryan Mack",0.849,0.527,5,-5.966,0,0.0761,0.126,0,0.0787,0.711,98.004,4
spotify:track:28IEbk5a7twNTbUEvWslUb,"Paralyzer","Them Vs. You Vs. Me (Deluxe Edition)","Finger Eleven",2007-01-01,208106,80,false,,2024-10-02T10:51:31Z,"","The Bicycle Music Company",0.644,0.939,11,-3.486,0,0.0456,0.157,0,0.233,0.861,106.031,4
spotify:track:5JLwr7Wur3hFAc9kjK0YwB,"Numb The Pain","Broken String","Clarx;Anikdote;Shiah Maisel;Catas;Le Malls;CHENDA",2024-04-19,153088,20,false,,2024-10-01T06:23:10Z,"house futurista,bass futurista,baixo melódico,eletro house","NCS",0.552,0.859,8,-7.074,1,0.111,0.04,0,0.346,0.458,136.153,4
spotify:track:6y20BV5L33R8YXM0YuI38N,"No One Knows","Songs For The Deaf","Queens of the Stone Age",2002-01-01,278746,74,false,,2024-09-24T19:14:23Z,"stoner rock,rock alternativo","Polydor Associated Labels",0.509,0.584,0,-4.907,1,0.057,0.0368,0.0000996,0.384,0.685,170.411,4
spotify:track:0COqiPhxzoWICwFCS4eZcp,"Bring Me To Life","Fallen","Evanescence",2003-03-04,235893,90,false,,2024-09-23T18:16:10Z,"metal alternativo","The Bicycle Music Company",0.331,0.943,4,-3.188,0,0.0698,0.00721,0.00000206,0.242,0.296,94.612,4
spotify:track:3Zwu2K0Qa5sT6teCCHPShP,"Thnks fr th Mmrs","Infinity On High","Fall Out Boy",2007-01-01,203506,82,false,,2024-09-23T18:16:09Z,"emo,punk pop","Island Records",0.46,0.892,10,-5.046,0,0.0619,0.0051,0,0.106,0.59,154.844,4
spotify:track:15ZNcgzsiiSrLQAGzl3le9,"One Shot 2 Shot","Encore (Deluxe Version)","Eminem;D12",2004-11-12,266573,59,true,,2024-09-04T09:53:27Z,"rap,hip-hop","Eminem Catalog PS",0.885,0.61,1,-6.266,1,0.225,0.194,0,0.278,0.822,98.974,4
spotify:track:1QAH5HMnoDt76yBNpLUsHo,"Bloodshot","Warplanes","Sam Tinnesz",2020-05-15,200061,54,false,,2024-09-03T19:09:16Z,"","Tinman Entertainment",0.671,0.762,6,-4.028,1,0.0511,0.0594,0,0.168,0.535,126.02,4
spotify:track:6iBL6TOzsO75Yz0cG1MO0o,"Wanna Play?","Wanna Play?","The Prophet",2019-05-22,201451,62,false,,2024-08-31T10:59:17Z,"hardstyle,gabber,hardcore,frenchcore,happy hardcore,tecno hardcore","Scantraxx Special",0.569,0.996,5,-0.45,1,0.224,0.198,0.0114,0.707,0.461,100.02,3
spotify:track:4TZ2Ub8bZh4LTs06eANDXa,"Lights - Sped Up Version","Lights (Sped Up Version)","Ellie Goulding;Speed Radio",2022-07-01,190053,67,false,,2024-08-29T18:06:08Z,"","UMC (Universal Music Catalogue)",0.653,0.836,10,-5.626,0,0.0457,0.0452,0.299,0.1,0.804,133.182,4
spotify:track:3hRQVUaNrPJlnzudLutmSa,"We All Lift Together (From ""Warframe"")","We All Lift Together (From ""Warframe"")","Keith Power",2018-08-31,152221,57,false,,2024-08-29T18:03:07Z,"canções de bordo","Warframe",0.581,0.369,11,-7.711,1,0.0259,0.798,0.00309,0.0628,0.161,67.177,4
spotify:track:2bFGGsScXp2Tu10jKMCKO6,"Figure You Out","Long Story Short","VOILÀ",2020-05-22,163436,75,false,,2024-08-29T18:00:39Z,"","VOILA LLC",0.631,0.491,11,-8.141,0,0.0354,0.508,0.0000318,0.177,0.537,94.912,4
spotify:track:20CH6NjUJ8GGJQesmiqPeB,"CHAINSAW BLOOD","replica","Vaundy",2023-11-15,202801,56,false,,2024-08-28T16:13:40Z,"pop japonês,indie japonês,rock japonês,animé","SDR Inc.",0.534,0.868,0,-4.726,1,0.0993,0.0000842,0.0000019,0.255,0.566,146.96,4
spotify:track:0OA00aPt3BV10qeMIs3meW,"Big Dawgs","Big Dawgs","Hanumankind;Kalmi",2024-07-09,190666,77,true,,2024-08-27T08:25:40Z,"hip-hop malaiala,hip-hop desi","Universal Music India Pvt Ltd.",0.464,0.745,4,-3.202,0,0.161,0.0235,0,0.363,0.262,180.098,4
spotify:track:4jvjzW7Hm0yK4LvvE0Paz9,"Falling Down - Bonus Track","Come Over When You're Sober, Pt. 2","Lil Peep;XXXTENTACION",2018-11-09,196400,85,true,,2024-08-23T12:46:04Z,"emo rap,cloud rap","Columbia",0.669,0.574,4,-6.442,0,0.0286,0.0175,0.00294,0.146,0.273,120.013,4
spotify:track:5w6B0sAH7XauCvMOAtplQj,"Fire","The Attractions Of Youth","Barns Courtney",2017-09-29,197520,69,false,,2024-08-12T13:30:33Z,"","EMI",0.548,0.64,10,-6.285,0,0.0306,0.21,0.000328,0.08,0.392,108.326,4
spotify:track:6TQxIK8op30n291y53sTZH,"fury","fury","STIM;RJ Pasin",2024-01-15,183529,59,false,,2024-08-12T12:14:45Z,"hyperpop,phonk","broke",0.499,0.724,2,-9.881,1,0.0594,0.0913,0,0.522,0.618,170.189,4
spotify:track:39ShyO1yBCiEoEXHX9ie0F,"Why Worry","Duality","Set It Off",2014-10-14,199253,59,false,,2024-08-06T08:50:33Z,"","Equal Vision Records",0.667,0.908,1,-5.004,0,0.0514,0.0376,0,0.145,0.656,105.011,4
spotify:track:4jgczltjMXJdwORMDU9jDO,"I Need a Dollar","Good Things","Aloe Blacc",2010-11-26,243373,0,false,,2024-08-06T08:46:52Z,"","Epic",0.84,0.364,8,-11.874,0,0.0386,0.193,0,0.0836,0.96,95.504,4
spotify:track:3SuxtjdFxY3RIaWyPgtkfk,"Phoenix","Phoenix","Netrum;Halvorsen",2021-08-20,238184,28,false,,2024-08-05T13:24:11Z,"","NCS",0.519,0.88,10,-5.241,0,0.0629,0.000259,0.00101,0.318,0.704,164.982,4
spotify:track:65DUeMw4riBUibAjktAnZD,"シカ色デイズ","シカ色デイズ","鹿乃子のこ (CV.潘めぐみ);虎視虎子 (CV.藤田 咲);虎視餡子 (CV.田辺留依);馬車芽めめ (CV.和泉風花)",2024-07-08,201299,60,false,,2024-08-05T10:10:08Z,"animé","Lantis",0.78,0.854,7,-3.715,1,0.0692,0.265,0.0000011,0.0363,0.941,91.505,4
spotify:track:6ifNuuYjiS5NdMabN4Jvrs,"Six Days - Remix","Six Days","DJ Shadow;Mos Def",2002-01-01,232533,76,false,,2024-07-29T11:56:03Z,"trip hop,plunderphonics,downtempo,hip-hop da Costa Leste,old school hip-hop,hip-hop","[PIAS] Recordings Catalogue",0.699,0.908,5,-6.72,0,0.237,0.13,0.000194,0.34,0.692,171.87,4
spotify:track:07oO1U722crtVcavi6frX6,"Double Life - From ""Despicable Me 4""","Double Life (From ""Despicable Me 4"")","Pharrell Williams",2024-06-14,190782,72,false,,2024-07-29T11:39:47Z,"","Columbia",0.851,0.652,8,-4.333,1,0.0367,0.0317,0,0.0936,0.696,119.944,4
spotify:track:5sG3G54H21hNfd5etlheoe,"Satellite","Endgame","Rise Against",2011-01-01,238573,70,false,,2024-07-25T11:21:32Z,"punk,punk hardcore","Geffen",0.387,0.94,5,-4.16,0,0.0528,0.00369,0,0.0759,0.444,134.876,4
spotify:track:7ueP5u2qkdZbIPN2YA6LR0,"Sail","Megalithic Symphony","AWOLNATION",2011-03-15,259093,76,false,,2024-07-19T12:09:13Z,"","Red Bull Records",0.826,0.436,1,-9.583,1,0.0558,0.441,0.615,0.0964,0.272,119.051,4
spotify:track:5BWUhb5fg3yXJLddvjwXDo,"99","99","MOB CHOIR",2016-08-31,237386,62,false,,2024-07-16T19:17:17Z,"animé","ワーナー・ホーム・ビデオ",0.516,0.922,6,-3.551,0,0.163,0.00439,0,0.308,0.445,94.964,4
spotify:track:3Xdl3dBamuhBVPX9y7Extm,"Miss Murder","DECEMBERUNDERGROUND","AFI",2006-01-01,206586,50,false,,2024-07-16T19:08:29Z,"punk,horror punk,emo,skate punk","Interscope",0.43,0.876,8,-4.53,1,0.0494,0.000223,0.00145,0.0927,0.734,143.489,4
spotify:track:2uNq2hKb4X1S30hBgoywOF,"Left Outside Alone","Pieces of A Dream","Anastacia",1999,258800,69,false,,2024-07-11T19:11:37Z,"","Epic/Daylight",0.668,0.744,2,-3.554,0,0.0349,0.0959,0,0.0918,0.325,102.845,4
spotify:track:0YwqJeTUyviMJw70jRt9ET,"A Little Faster","A Little Faster","There For Tomorrow",2009-06-09,184546,57,false,,2024-07-11T18:08:06Z,"","Hopeless Records",0.404,0.946,5,-3.318,0,0.174,0.00085,0,0.359,0.784,169.086,4
spotify:track:55KYlnsC6nYnr3IykbmJwE,"The Good Life","Life Starts Now","Three Days Grace",2009-09-22,173173,65,false,,2024-07-11T18:06:39Z,"pós-grunge,rock","Jive",0.548,0.911,10,-3.701,1,0.0397,0.000345,0,0.23,0.654,128.036,4
spotify:track:3xufMoKtkjMbZmVhgB2MZc,"Voices (Randy Orton)","WWE: WrestleMania - The Music 2013","WWE;Rev Theory",2013-04-02,204636,53,false,,2024-07-03T12:10:21Z,"","WWE, Inc.",0.48,0.648,0,-10.809,1,0.0293,0.000387,0,0.118,0.672,165.012,4
spotify:track:20I8RduZC2PWMWTDCZuuAN,"Take Me Out","Franz Ferdinand","Franz Ferdinand",2004-02-16,237026,86,false,,2024-06-25T16:45:24Z,"indie rock","Domino Recording Co",0.277,0.663,4,-8.821,0,0.0377,0.000409,0.00051,0.136,0.527,104.561,4
spotify:track:4zXa17K83Pp6N2yXdVc2sv,"You're The Best","The Karate Kid: The Original Motion Picture Soundtrack","Joe ""Bean"" Esposito",1984,179666,65,false,,2024-06-25T16:33:41Z,"","Island Def Jam",0.571,0.863,4,-7.661,0,0.048,0.257,0,0.532,0.782,94.299,4
spotify:track:5LxhQEavqgZIEN5yfUFi28,"Mordecai and the Rigbys - Party Tonight","Mordecai and the Rigbys - Party Tonight","Rebet",2023-09-24,196336,0,true,,2024-06-25T15:46:53Z,"","Rebet",0.408,0.869,5,-6.092,1,0.0558,0.564,0.0000156,0.239,0.609,140.207,4
spotify:track:6vQT1Y3MTGCpc31VIF5Ela,"Army of the Night","Blessed & Possessed","Powerwolf",2015-07-17,201386,63,false,,2024-06-24T19:10:26Z,"power metal,metal,metal sinfónico,folk metal,metal medieval,heavy metal","Napalm Records Handels GmbH",0.422,0.969,1,-3.56,0,0.0556,0.00054,0,0.281,0.577,171.99,4
spotify:track:48XkVAagIoQHCsOlJtXUd5,"still feel.","Now, Not Yet","half•alive",2019-08-09,247787,63,false,,2024-06-24T19:03:10Z,"","half·alive/RCA Records",0.779,0.516,10,-6.467,0,0.0521,0.148,0,0.0492,0.715,120.026,4
spotify:track:72IbklY7YeZffWqul0BMep,"Lost In Paradise (Jujutsu Kaisen)","Lost In Paradise (Jujutsu Kaisen)","Miura Jam",2021-01-19,325500,52,false,,2024-06-20T17:57:22Z,"animé","738190 Records DK",0.668,0.857,10,-2.887,0,0.07,0.0827,0.00000256,0.368,0.743,122.003,4
spotify:track:1dlgaGdQXmsYKMRuewIZkF,"Miss Alissa","Peace Love Death Metal","Eagles Of Death Metal",2004,158600,53,false,,2024-06-20T17:51:18Z,"stoner rock,rock de garagem","Ipecac Recordings",0.55,0.991,1,-3.704,1,0.12,0.805,0,0.197,0.882,172.389,4
spotify:track:355nQhlJ37CswXP54GZAz9,"HOLLOW HUNGER","OPEING THEME FROM TV SERIES ”OVERLORD IV”","OxT",2022-07-27,223141,57,false,,2024-06-11T14:33:32Z,"animé,rock japonês","KADOKAWA",0.567,0.897,8,-4.363,0,0.235,0.0699,0,0.297,0.709,159.885,4
spotify:track:04M2CmravhDSoK3DD5yN1F,"The Only Thing They Fear Is You","The Second Year Ender","The Last Bear Ender",2022-12-02,285665,46,false,,2024-06-04T07:35:53Z,"","The Last Bear Ender",0.51,0.802,3,-6.83,1,0.0457,0.00126,0.784,0.0805,0.238,101.961,4
spotify:track:2HYFX63wP3otVIvopRS99Z,"Houdini","Houdini","Eminem",2024-05-31,227239,76,true,,2024-06-03T20:10:37Z,"rap,hip-hop","Shady/Aftermath/Interscope Records",0.936,0.887,9,-2.76,0,0.0683,0.0292,0.00000188,0.0582,0.889,127.003,4
spotify:track:61jz3LFcAXLKU0i2JFXaSe,"VORACITY","TVアニメ「オーバーロードⅢ」オープニングテーマ「VORACITY」","MYTH & ROID",2018-07-25,232280,58,false,,2024-05-27T18:46:27Z,"animé,rock japonês,pop japonês","KADOKAWA",0.635,0.911,10,-4.797,0,0.154,0.0208,0.000884,0.312,0.515,99.984,4
spotify:track:725NSbIej5lP3GfhLC7So3,"115","Call of Duty: Black Ops – Zombies (Original Game Soundtrack)","Elena Siegman;Kevin Sherwood",2011-01-25,228160,68,false,,2024-05-27T17:59:38Z,"","Activision",0.363,0.933,8,-3.808,1,0.175,0.000105,0.00000209,0.102,0.676,200.215,4
spotify:track:1tecfydTJfh9cKUJV4d3vo,"Nine Thou (Grant Mohrman Superstars Remix)","Nine Thou (Grant Mohrman Superstars Remix)","Styles Of Beyond;Grant Mohrman",2007-01-01,243061,66,true,,2024-05-27T17:57:39Z,"","Position Music",0.64,0.874,8,-6.529,1,0.0951,0.00203,0,0.259,0.586,107.912,4
spotify:track:4ivghfd9xT7WcDjVHix90v,"dancing","dancing","V9P;tamer",2023-11-14,243485,0,false,,2024-05-20T11:41:19Z,"","Inverness Sound Records",0.954,0.827,9,-6.422,0,0.243,0.45,0,0.0386,0.97,120.768,4
spotify:track:11mwFrKvLXCbcVGNxffGyP,"Genie In a Bottle","Christina Aguilera (Expanded Edition)","Christina Aguilera",1999,217573,84,false,,2024-05-20T11:38:32Z,"","RCA Records Label",0.633,0.8,1,-6.945,1,0.166,0.209,0.000123,0.137,0.913,175.716,4
spotify:track:62bOmKYxYg7dhrC6gH9vFn,"Bye Bye Bye","No Strings Attached","*NSYNC",2000-03-21,200400,81,false,,2024-05-15T18:01:13Z,"","Jive",0.61,0.926,8,-4.843,0,0.0479,0.031,0.0012,0.0821,0.861,172.638,4
spotify:track:0KAiuUOrLTIkzkpfpn9jb9,"Drive By","California 37","Train",2012-04-17,195973,80,false,,2024-05-15T17:58:46Z,"pop suave","Columbia",0.765,0.837,1,-3.113,0,0.032,0.00107,0.0000106,0.0801,0.721,122.028,4
spotify:track:0rmGAIH9LNJewFw7nKzZnc,"You Give Love A Bad Name","Slippery When Wet","Bon Jovi",1986-08-16,222706,78,false,,2024-05-15T17:50:15Z,"glam metal","Island Records",0.541,0.959,0,-2.947,0,0.0505,0.0663,0.00000218,0.344,0.812,122.805,4
spotify:track:6s8nHXTJVqFjXE4yVZPDHR,"Troublemaker (feat. Flo Rida)","Right Place Right Time (Expanded Edition)","Olly Murs;Flo Rida",2012-11-26,185586,76,false,,2024-05-15T17:44:57Z,"","Epic",0.762,0.863,0,-3.689,0,0.0561,0.015,0,0.125,0.965,106.012,4
spotify:track:5Iuqf7d8G5SAvuKY7MKHbd,"End of Me","What I've Become","Ashes Remain",2011-08-23,170426,61,false,,2024-05-15T17:43:16Z,"rock cristão,rock alternativo cristão","Fair Trade/Columbia",0.59,0.823,5,-4.606,0,0.0394,0.00191,0,0.375,0.572,129.971,4
spotify:track:4I58RPHVzDldHfK3t5HiZA,"Leave It All Behind","Leave It All Behind - Single","Cult To Follow",2011-12-20,224086,68,false,,2024-04-08T19:36:01Z,"","Cult To Follow",0.643,0.954,9,-3.255,1,0.108,0.00528,0,0.466,0.54,114.964,4
spotify:track:0D1ExGkm9m5QXklubnFZXp,"Hated You from Hello","Radiocalypse","Downplay",2012-05-29,169786,51,false,,2024-04-08T19:31:11Z,"","Downplay",0.352,0.906,8,-4.493,1,0.0779,0.000222,0,0.181,0.78,192.118,4
spotify:track:0gfcxQRl3Q8CipxiHK5hdu,"Rise","Rise","Blockheads",2013-08-24,204334,40,false,,2024-04-08T19:30:46Z,"","Blockheads",0.451,0.868,5,-2.419,1,0.0506,0.0318,0,0.336,0.58,136.477,4
spotify:track:5Eitk5PHbySKtH0rIgXKSQ,"Anthem for the Weak","Exposed","Lost Autumn",2011-04-12,170613,28,false,,2024-04-08T19:30:17Z,"","West 80 Records",0.537,0.714,2,-13.431,1,0.0314,0.0000687,0.0000366,0.194,0.638,103.99,4
spotify:track:1z33QOn2Hcq9SfI5pES25L,"This War Is Ours (The Guillotine II)","This War Is Ours (Deluxe Edition)","Escape the Fate",2010-04-27,266733,61,false,,2024-04-08T19:27:09Z,"emo,pós-hardcore,screamo,metalcore","Epitaph",0.399,0.955,4,-5.593,0,0.163,0.00838,0,0.0759,0.152,95.498,4
spotify:track:2RLyWuFQW2nH2tDUG9AFVk,"MVP","MVP","Zach Diamond",2022-11-16,134400,38,false,,2024-04-06T14:43:03Z,"","ZACH DIAMOND MUSIC INC.",0.689,0.683,5,-7.374,0,0.0402,0.121,0.000185,0.104,0.444,150.04,4
spotify:track:3K4HG9evC7dg3N0R9cYqk4,"One Step Closer","Hybrid Theory (Bonus Edition)","Linkin Park",2000-10-24,157333,85,false,,2024-04-04T17:55:29Z,"nu metal,rap metal,rock,metal alternativo","Warner Records",0.492,0.969,9,-4.419,1,0.0491,0.0014,0.00000132,0.0787,0.538,95.136,4
spotify:track:4xBHZ2Mr0gCdFYXrPZuYXO,"Lonely Day","Hypnotize","System Of A Down",2005-11-18,167906,3,false,,2024-04-04T11:29:20Z,"nu metal,metal,metal alternativo,rap metal,rock","American/Columbia",0.458,0.783,8,-3.226,0,0.0322,0.346,0.00000614,0.13,0.224,113.072,3
spotify:track:5wViaajeHHPZlEjBY9nhU3,"...Baby One More Time (from Kung Fu Panda 4)","Kung Fu Panda 4 (Original Motion Picture Soundtrack)","Tenacious D",2024-03-08,192600,64,false,,2024-03-26T14:48:40Z,"comédia","Back Lot Music",0.497,0.584,5,-8.282,0,0.0312,0.00558,0.0000128,0.348,0.64,199.942,4
spotify:track:6kp8F9FpHXzjga2MeRDSG8,"Bitch Came Back","The Truth Is... (Special Edition)","Theory of a Deadman",2011-07-08,219360,61,true,,2024-03-20T08:21:12Z,"pós-grunge,metal alternativo","Roadrunner Records",0.58,0.877,1,-4.193,0,0.0395,0.00122,0,0.322,0.614,129.968,4
spotify:track:1QxcWlk8PivolUaWcpAoNq,"Who Is She ?","Neveroddoreven","I Monster",2005-01-27,213373,71,false,,2024-03-13T19:56:30Z,"","Instant Karma",0.392,0.802,1,-4.014,0,0.0418,0.076,0.00908,0.0925,0.101,152.734,4
spotify:track:05BtN8RrrRQdmNnGTX9cHo,"Evacuate the Dancefloor - Nightcore Edit","Nightcore","Cascada",2015-09-11,164707,46,false,,2024-03-13T16:34:42Z,"europop,eurodance","Zoopreme",0.7,0.712,6,-6.424,0,0.0413,0.0641,0.0000155,0.167,0.722,158.728,4
spotify:track:0PtuEfmIQVEle623gWvfkT,"LET ME SEE YA MOVE! SPED UP","LET ME SEE YA MOVE!","Lumi Athena;cade clair",2023-07-02,110828,49,false,,2024-03-13T14:10:59Z,"hyperpop,jersey club","25/7 Records LLC.",0.422,0.95,0,-2.536,1,0.049,0.00207,0.00139,0.405,0.338,156.224,4
spotify:track:7rPzEczIS574IgPaiPieS3,"Another Brick In The Wall, Pt. 2 - 2011 Remastered Version","The Wall (Remastered)","Pink Floyd",1979-11-30,228586,5,false,,2024-03-07T17:08:19Z,"rock progressivo,rock psicadélico,rock clássico,art rock,rock","Pink Floyd Records",0.693,0.353,0,-17.852,1,0.0414,0.0704,0.00113,0.503,0.75,104.143,4
spotify:track:1di1BEgJYzPvXUuinsYJGP,"Everybody (Backstreet's Back) - Radio Edit","Backstreet's Back","Backstreet Boys",1997-08-12,225360,81,false,,2024-03-04T13:32:06Z,"","Jive",0.731,0.853,10,-4.219,0,0.0363,0.0352,0,0.268,0.605,108.016,4
spotify:track:6tUcFEXos6TGhESFlkAyCm,"Bury the Light","Bury the Light","Casey Edwards",2020-09-21,582400,2,false,,2024-02-29T13:25:38Z,"","カプコンセルピュータ",0.399,0.92,2,-5.403,0,0.0813,0.0000127,0.818,0.121,0.173,149.981,4
spotify:track:42qNWdLKCI41S4uzfamhFM,"Duvet","Twilight","bôa",2001-03-21,203600,86,false,,2024-02-28T22:55:21Z,"","Nettwerk Music Group",0.583,0.888,11,-9.414,0,0.0349,0.191,0.0000458,0.0936,0.706,93.206,4
spotify:track:40i81AcCCxiVEFUWElcjZC,"Sarcasm","Best Kind Of Mess","Get Scared",2010-01-01,198080,66,true,,2024-02-26T14:06:07Z,"emo,metalcore,pós-hardcore","Motown",0.387,0.929,7,-4.825,0,0.161,0.00238,0.00000722,0.314,0.591,180.359,4
spotify:track:0AOmbw8AwDnwXhHC3OhdVB,"Courtesy Call","The End Is Where We Begin","Thousand Foot Krutch",2012-04-17,236898,76,false,,2024-02-22T23:09:11Z,"rock cristão,rock alternativo cristão,rap metal","Endurance Music Group / The Fuel Music",0.531,0.638,11,-5.145,0,0.0809,0.00409,0,0.0822,0.445,164.079,4
spotify:track:5UWJxql2C2VNLAusOQRjt1,"specialist","ネバー・モア-『ペルソナ4』輪廻転生-","アトラスサウンドチーム",2011-10-26,243746,54,false,,2024-02-19T17:03:47Z,"música de videojogos japonesa,banda sonora","アニプレックス",0.564,0.973,8,-7.646,0,0.048,0.0149,0.923,0.327,0.779,128.019,4
spotify:track:5fqaeJMmqwhDzdYD7b4J51,"The Bottom 2","The Bottom 2","Glorb",2023-12-03,164903,62,true,,2024-02-19T12:52:24Z,"","Undawata",0.679,0.885,1,-3.575,1,0.0747,0.00228,0,0.44,0.404,155.105,4
spotify:track:5EWPGh7jbTNO2wakv8LjUI,"Free Bird","Pronounced' Leh-'Nerd 'Skin-'Nerd","Lynyrd Skynyrd",1973-01-01,547106,81,false,,2024-01-29T07:31:07Z,"southern rock,rock clássico,rock","Geffen*",0.249,0.834,0,-8.21,1,0.0574,0.0742,0.0000969,0.0924,0.337,118.222,4
spotify:track:3EYOJ48Et32uATr9ZmLnAo,"Roxanne","Outlandos D'Amour (Remastered 2003)","The Police",1978-11-02,191946,81,false,,2024-01-27T22:59:47Z,"","Polydor Records",0.618,0.748,0,-8.905,1,0.358,0.0384,0.0000041,0.0473,0.663,134.114,4
spotify:track:1foMv2HQwfQ2vntFf9HFeG,"Rhinestone Eyes","Plastic Beach","Gorillaz",2010-03-05,200173,78,false,,2024-01-26T18:26:11Z,"","Parlophone UK",0.676,0.703,8,-5.815,0,0.0302,0.0869,0.000687,0.0463,0.852,92.761,4
spotify:track:7b4fxkOA4NDr4tDylrb10K,"Overdose","劇場","natori",2023-12-20,194107,69,false,,2024-01-25T14:52:21Z,"pop japonês,animé","Sony Music Labels Inc.",0.728,0.696,4,-6.215,0,0.0324,0.0343,0.0000215,0.228,0.836,118.027,4
spotify:track:535x8FTM99UR6ZhZN8BM4A,"Bad Feeling (Oompa Loompa)","Bad Feeling (Oompa Loompa)","Jagwar Twin",2023-12-15,133754,2,true,,2024-01-25T13:52:20Z,"","Big Loud Rock",0.699,0.806,11,-3.907,0,0.118,0.088,0,0.077,0.903,189.835,4
spotify:track:6qNHJwdMhNZzyJ7yTDU8zD,"Мой мармеладный (Speed Up)","Мой мармеладный (Speed Up)","Katya Lel",2023-05-03,188625,1,false,,2024-01-17T10:34:31Z,"","MONOLIT",0.705,0.773,8,-4.21,0,0.044,0.0245,0.00000828,0.102,0.963,144.025,4
spotify:track:0kdqcbwei4MDWFEX5f33yG,"Bling-Bang-Bang-Born","Bling-Bang-Bang-Born","Creepy Nuts",2024-01-07,168135,76,false,,2024-01-15T10:13:44Z,"animé,pop japonês,rap japonês","Sony Music Labels Inc.",0.853,0.822,6,-6.836,0,0.246,0.0841,0.00985,0.166,0.746,157.013,4
spotify:track:0KQ1LhU7vGiXqn7eAw1nfl,"Monster","Something Real & Here, Here and Here","Meg & Dia",2006,161333,65,false,,2024-01-12T18:19:25Z,"","Sire",0.35,0.834,6,-3.856,0,0.0596,0.00164,0.0000119,0.149,0.424,192.005,4
spotify:track:4nKRZAONxGgcKCMin730Ai,"33 Max Verstappen","33 Max Verstappen","Carte Blanq;Nils Van Zandt;Maxx Power",2023-09-22,170390,69,false,,2024-01-12T18:19:00Z,"","Spinnin' Records",0.711,0.895,9,-4.942,0,0.107,0.00305,0.0509,0.0832,0.444,128.045,4
spotify:track:4oaU0fMSg3n9kqOwmLPVhH,"Partners in Crime (feat. Ash Costello)","Cinematics (Expanded Edition)","Set It Off;Ash Costello",2013-06-25,211026,72,false,,2024-01-12T17:55:49Z,"","Equal Vision Records",0.376,0.939,1,-3.437,1,0.0572,0.00704,0,0.116,0.815,190.109,4
spotify:track:43FkY9svV70r8PmBL7ypUh,"An Unhealthy Obsession","An Unhealthy Obsession","The Blake Robinson Synthetic Orchestra",2017-12-13,178351,73,false,,2024-01-12T17:53:14Z,"","The Blake Robinson Synthetic Orchestra",0.761,0.529,1,-9.46,0,0.0367,0.175,0,0.0776,0.855,95.004,4
spotify:track:7j74lucZ59vqN67Ipe2ZcY,"Maneater","H2O","Daryl Hall & John Oates",1982-10-04,273173,85,false,,2024-01-12T17:32:30Z,"yacht rock,soft rock","RCA/Legacy",0.724,0.498,11,-13.083,0,0.0423,0.0405,0.0000856,0.0761,0.823,88.825,4
spotify:track:7tqhbajSfrz2F7E1Z75ASX,"Ain't No Mountain High Enough","United","Marvin Gaye;Tammi Terrell",1967-08-29,151666,86,false,,2024-01-12T12:51:02Z,"motown,soul clássica,soul,soul do norte,quiet storm","UNI/MOTOWN",0.663,0.6,7,-10.87,1,0.032,0.43,0,0.184,0.797,129.987,4
spotify:track:5jzX4dWVQeBTtfBaXnMRt5,"DONTTRUSTME","WANT","3OH!3",2008-07-07,192573,77,true,,2024-01-10T12:48:42Z,"","Photo Finish/Atlantic",0.791,0.713,5,-3.742,0,0.254,0.0163,0,0.189,0.514,130.012,4
spotify:track:1vcxF91pWs9uNwDROuiCPB,"Savior","Appeal To Reason","Rise Against",2008-01-01,242280,79,false,,2024-01-08T08:33:07Z,"punk,punk hardcore","Geffen",0.554,0.932,5,-3.424,0,0.0485,0.00154,0.000139,0.425,0.478,112.488,4
spotify:track:5Ts1DYOuouQLgzTaisxWYh,"Love Grows (Where My Rosemary Goes)","Love Grows (Where My Rosemary Goes) & Other Gems","Edison Lighthouse",1970-01-01,174760,75,false,,2024-01-08T08:09:40Z,"","Crimson",0.568,0.824,9,-4.613,1,0.0299,0.403,0,0.0855,0.753,108.625,4
spotify:track:3koCCeSaVUyrRo3N2gHrd8,"Let's Groove","Raise!","Earth, Wind & Fire",1981-11-14,339018,83,false,,2024-01-04T07:37:11Z,"funk,disco","Legacy Recordings",0.869,0.648,11,-8.698,0,0.0633,0.121,0.0000217,0.126,0.9,125.035,4
spotify:track:2VqRxxZFbC0uZaTJcZY36c,"Tank!","「COWBOY BEBOP」オリジナルサウンドトラック","SEATBELTS",1998,209870,42,false,,2023-12-30T16:00:32Z,"bebop,animé","Victor",0.539,0.907,0,-6.814,1,0.124,0.0348,0.907,0.485,0.573,137.456,4
spotify:track:0bfvHnWWOeU1U5XeKyVLbW,"Can't Take My Eyes off You","Solo","Frankie Valli",1967,203680,82,false,,2023-12-28T20:11:54Z,"doo-wop","Rhino",0.581,0.78,4,-7.053,1,0.0567,0.508,0.0000107,0.0799,0.561,123.711,4
spotify:track:6I9VzXrHxO9rA9A5euc8Ak,"Toxic","In The Zone","Britney Spears",2003-11-13,198800,87,false,,2023-12-28T19:01:06Z,"pop","Jive",0.774,0.838,5,-3.914,0,0.114,0.0249,0.025,0.242,0.924,143.04,4
spotify:track:2DgdHcjWmO3qd50RzuBLgZ,"House of Memories","Death of a Bachelor","Panic! At The Disco",2016-01-15,208706,81,false,,2023-12-28T11:29:29Z,"emo","Decaydance/Fueled By Ramen",0.506,0.817,11,-5.051,0,0.0335,0.00272,0,0.0486,0.506,109.952,4
spotify:track:6u0x5ad9ewHvs3z6u9Oe3c,"Under Cover of Darkness","Angles","The Strokes",2011-03-21,235546,71,false,,2023-12-23T19:10:49Z,"rock de garagem,indie rock,rock alternativo","RCA Records Label",0.35,0.775,11,-3.364,1,0.054,0.00433,0.283,0.0676,0.588,199.866,4
spotify:track:1J03Vp93ybKIxfzYI4YJtL,"MEGALOVANIA","UNDERTALE Soundtrack","Toby Fox",2015-09-15,156000,69,false,,2023-12-12T20:38:02Z,"banda sonora","Materia Collective",0.719,0.632,7,-9.849,1,0.0602,0.000377,0.855,0.0362,0.934,119.987,4
spotify:track:1oagRT7LfpVlNJN6FSZDGp,"This Ain't A Scene, It's An Arms Race","Infinity On High","Fall Out Boy",2007-01-01,212040,73,false,,2023-12-10T19:07:52Z,"emo,punk pop","Island Records",0.435,0.887,9,-4.07,1,0.0637,0.000747,0,0.0327,0.408,199.939,4
spotify:track:4ByEFOBuLXpCqvO1kw8Wdm,"(I Just) Died In Your Arms","Broadcast","Cutting Crew",1986-01-01,280400,83,false,,2023-11-20T09:32:46Z,"","Ten Records",0.625,0.726,11,-11.402,0,0.0444,0.0158,0.000169,0.0625,0.507,124.945,4
spotify:track:1YXV3fSpNgxXSfhsEgRmtb,"Untitled #13","Untitled #13","glwzbll",2023-04-04,115054,57,false,,2023-11-20T09:32:22Z,"phonk","Phonk Point",0.598,0.971,7,-4.926,1,0.0611,0.0136,0.892,0.0669,0.549,149.993,4
spotify:track:4DDUkQ9uqDpWBzJQuPErrI,"idyll","idyll","Jonjthan",2023-09-28,73624,0,true,,2023-11-11T10:22:59Z,"","Versinal Records",0.47,0.36,11,-13.713,1,0.0934,0.808,0,0.588,0.447,200.026,4
spotify:track:1mnqraQ8oV8MX92rdOFLWW,"1 Thing","Touch","Amerie",2005,238760,70,false,,2023-11-11T10:21:06Z,"","Richcraft/Sony Urban Music/Columbia",0.612,0.961,10,-3.078,0,0.333,0.107,0.0000417,0.0413,0.867,129.873,5
spotify:track:1ChulFMnwxoD74Me8eX2TU,"You Spin Me Round (Like a Record)","Evolution: The Hits","Dead Or Alive",2003-05-19,195146,72,false,,2023-11-09T14:43:38Z,"hi-nrg,synth pop","Epic",0.554,0.963,6,-3.762,0,0.035,0.000244,0.0702,0.431,0.918,128.175,4
spotify:track:2Dp5Rqruog8SR6x7UtlIpY,"9mm","Memphis Cult Vol. 6","Memphis Cult;Groove Dealers;SPLYXER",2023-02-23,86709,0,true,,2023-11-06T09:03:43Z,"phonk,drift phonk","Memphis Cult",0.739,0.913,0,-2.749,1,0.0413,0.00311,0.0000261,0.0839,0.307,154.982,4
spotify:track:751srcHf5tUqcEa9pRCQwP,"Tek It","Running","Cafuné",2021-07-20,191823,83,false,,2023-11-02T15:00:50Z,"","Elektra (NEK)",0.423,0.913,8,-5.354,1,0.0655,0.0000653,0,0.269,0.596,146.995,4
spotify:track:5f1j3h5DBkLpGfb90QGFvR,"Below the Surface","Below the Surface","Griffinilla",2016-10-13,134857,66,false,,2023-10-31T11:33:56Z,"","604801 Records DK",0.713,0.398,0,-8.852,0,0.0319,0.328,0.00000193,0.057,0.483,104.974,4
spotify:track:5cZqsjVs6MevCnAkasbEOX,"Break Stuff","Significant Other","Limp Bizkit",1999,166706,86,true,,2023-10-24T19:07:40Z,"nu metal,rap metal,metal alternativo,rap rock","Interscope",0.432,0.884,8,-6.657,1,0.128,0.0128,0.000457,0.166,0.619,108.835,4
spotify:track:5qxChyzKLEyoPJ5qGrdurN,"No Sleep Till Brooklyn","Licensed To Ill","Beastie Boys",1986-11-15,246933,73,true,,2023-10-24T19:07:32Z,"rap rock,old school hip-hop,hip-hop da Costa Leste,hip-hop","Def Jam Recordings",0.712,0.691,8,-8.157,1,0.128,0.122,0,0.0538,0.742,97.022,4
spotify:track:3gVhsZtseYtY1fMuyYq06F,"Sonne","Mutter","Rammstein",2001-04-02,272440,80,false,,2023-10-24T07:39:58Z,"metal industrial,metal,rock industrial,industrial","Vertigo Berlin",0.51,0.917,4,-4.806,0,0.0854,0.0054,0.000133,0.396,0.313,75.098,4
spotify:track:5sPKAEb7afrIMtdqEnI6H6,"Young Girl A","Alive","Siinamota",2015-03-04,221500,69,false,,2023-10-23T12:43:23Z,"vocaloid","U/M/A/A Inc.",0.629,0.804,2,-5.987,1,0.103,0.0169,0.000497,0.177,0.294,130.006,4
spotify:track:4mOMTUl8XiaqILHwh8zm4H,"Le Monde - From Talk to Me","Le Monde (From Talk to Me)","Richard Carter",2023-08-04,134853,55,false,,2023-10-23T12:11:09Z,"","A24 Music",0.769,0.47,11,-13.289,1,0.102,0.139,0.887,0.112,0.496,97.636,3
spotify:track:63T7DJ1AFDD6Bn8VzG6JE8,"Paint It, Black","Aftermath","The Rolling Stones",1966-04-15,202266,85,false,,2023-10-19T19:21:52Z,"rock clássico,rock","ABKCO Music and Records, Inc.",0.464,0.795,1,-9.267,1,0.0926,0.0493,0.00244,0.399,0.612,158.691,4
spotify:track:3I09LQbHS3NSU46Ly3tPpR,"Feeling Good","It's Time","Michael Bublé",2005-02-07,237333,65,false,,2023-10-19T15:26:08Z,"natal","143/Reprise",0.535,0.548,1,-6.51,1,0.037,0.533,0.00000148,0.123,0.477,115.144,3
spotify:track:5N0lmKQfQpXNQNjUGlPKIT,"Hell's Comin' with Me","Hell's Comin' with Me","Poor Man's Poison",2019-12-13,212996,74,false,,2023-10-19T14:55:11Z,"gótico sulista","Poor Man's Poison",0.581,0.574,4,-10.017,0,0.0379,0.329,0.0000164,0.168,0.549,129.908,4
spotify:track:4UDmDIqJIbrW0hMBQMFOsM,"Stayin' Alive","Staying Alive (Original Motion Picture Soundtrack)","Bee Gees",1977-12-13,92866,74,false,,2023-10-18T10:20:14Z,"disco","Bee Gees Catalog",0.707,0.535,10,-19.793,0,0.0436,0.113,0.00615,0.0884,0.641,103.644,4
spotify:track:1pcOACWV5tnKt3bhvtLP82,"Smack That","Konvicted (Complete Edition)","Akon;Eminem",2022-03-04,212360,55,true,,2023-10-18T10:20:10Z,"rap,hip-hop","Konvict/Upfront/SRC/Universal Records",0.929,0.778,5,-4.202,0,0.0513,0.185,0,0.297,0.941,118.994,4
spotify:track:07q0QVgO56EorrSGHC48y3,"I Was Made For Lovin' You","Dynasty","KISS",1979-03-23,271240,86,false,,2023-10-18T10:01:27Z,"glam rock,glam metal,hard rock,rock,rock clássico","Casablanca Records",0.768,0.852,4,-6.215,1,0.038,0.214,0.0000736,0.0723,0.867,128.373,4
spotify:track:5bYFgV2KMMC6IVQ2gUyMGg,"CRYSTALS","CRYSTALS","PR1SVX",2023-03-18,68250,0,false,,2023-10-18T09:16:12Z,"jersey club,phonk","The System",0.477,0.666,6,-12.92,0,0.0366,0.0178,0.825,0.197,0.58,157.032,4
spotify:track:6EOKwO6WaLal58MSsi6U4W,"Eleanor Rigby","Yellow Submarine Songtrack","The Beatles",1999-09-13,125226,61,false,,2023-10-18T06:48:30Z,"rock clássico,rock psicadélico","EMI Catalogue",0.521,0.301,4,-7.118,0,0.0356,0.836,0,0.398,0.621,137.382,4
spotify:track:1taGkdO3DQsNRIQrarhVvc,"Puttin' on the Ritz","After Eight","Taco",1982-01-01,281160,61,false,,2023-10-17T18:45:58Z,"eletro swing","Aviator-Entertainment",0.798,0.292,0,-17.112,1,0.0777,0.152,0.00101,0.185,0.812,98.653,4
spotify:track:1JO1xLtVc8mWhIoE3YaCL0,"Happy Together","Happy Together","The Turtles",1967,176293,78,false,,2023-10-17T06:38:45Z,"","Flo & Eddie, Inc.",0.584,0.367,6,-9.638,0,0.0328,0.55,0.0000138,0.0818,0.588,120.175,4
spotify:track:4vO9dmzNRqDhFY3jD1a3P7,"Mississippi Queen","Climbing!","Mountain",1970,151293,69,false,,2023-10-14T11:14:01Z,"rock clássico,blues rock,southern rock","Columbia/Legacy",0.581,0.624,9,-8.346,1,0.0777,0.0987,0,0.0411,0.637,139.714,4
spotify:track:06tNJ27nVxbDwhiQMChWyr,"GOOD LOYAL THOTS","GOOD LOYAL THOTS","Odetari",2023-03-15,102556,74,true,,2023-10-02T07:37:04Z,"hyperpop","APG Inc. - Odetari",0.585,0.86,6,-5.274,1,0.116,0.0566,0.000142,0.18,0.607,146.441,4
spotify:track:7w4t6sPVdboBZpa5prmUuj,"paranoia","paranoia","KENTENSHI",2022-01-23,117408,1,false,,2023-10-02T07:00:49Z,"breakcore","KENTENSHI",0.47,0.405,7,-13.385,1,0.3,0.376,0.0127,0.116,0.505,180.104,4
spotify:track:53FhswemY3bkUOAZRi7Lpo,"Honey See You","Honey See You","ISTERIF",2023-03-28,88476,65,true,,2023-09-29T11:12:18Z,"","ISTERIF",0.548,0.644,1,-6.305,1,0.0402,0.0848,0,0.425,0.698,85.302,4
spotify:track:40wmXUgVB0N5eLK8CuOhm3,"Feed the Machine","Feed the Machine","Poor Man's Poison",2020-07-17,183328,71,false,,2023-09-25T12:36:27Z,"gótico sulista","Poor Man's Poison",0.643,0.452,4,-11.288,0,0.113,0.458,0,0.398,0.771,176.008,4
spotify:track:4lleps28xCklJLtTt5MoJt,"","","",0000,0,0,false,,2023-09-25T10:06:45Z,"","",0.437,0.95,5,-2.808,0,0.501,0.0666,0.00201,0.144,0.478,200.05,4
spotify:track:6wk8RkIpZ6mbQigwKPr1oW,"Riders","Riders","onimanxd",2023-01-27,107620,54,true,,2023-09-16T09:52:30Z,"phonk,drift phonk","0to8",0.603,0.812,11,-4.408,0,0.311,0.0146,0.0288,0.127,0.154,157.572,4
spotify:track:0EqczV3o6fwksegAavIHpX,"LOVELY BASTARDS","LOVELY BASTARDS","ZWE1HVNDXR;yatashigang",2023-08-25,116104,68,true,,2023-09-16T09:34:15Z,"phonk,phonk brasileiro,drift phonk","ZWE1HVNDXR",0.613,0.81,1,-6.16,1,0.488,0.832,0.899,0.137,0.686,150.251,4
spotify:track:1Ip8nYQoBYrJipIvxVR0aK,"American Blood","American Blood","Dead Poet Society",2018-10-19,181097,48,true,,2023-09-01T13:38:21Z,"","Spinefarm",0.548,0.725,10,-4.551,1,0.0376,0.00805,0.000201,0.112,0.387,118.061,4
spotify:track:0TZejo18HlJ86OrWNsXKnw,"Mrs Magic","Mrs Magic","Strawberry Guy",2019-07-24,208500,81,false,,2023-08-26T20:33:32Z,"bedroom pop","Melodic",0.471,0.634,8,-7.406,1,0.031,0.159,0.365,0.374,0.366,132.542,4
spotify:track:6IPwKM3fUUzlElbvKw2sKl,"we fell in love in october","we fell in love in october / October Passed Me By","girl in red",2018-11-21,184153,86,false,,2023-08-26T20:32:40Z,"bedroom pop","world in red",0.566,0.366,7,-12.808,1,0.028,0.113,0.181,0.155,0.237,129.96,4
spotify:track:6Qyc6fS4DsZjB2mRW9DsQs,"Iris","Dizzy up the Girl","The Goo Goo Dolls",1998,289533,94,false,,2023-08-26T20:31:54Z,"","Warner Records",0.315,0.715,11,-8.072,0,0.0362,0.00125,0.00000797,0.0942,0.497,155.925,3
spotify:track:5hM5arv9KDbCHS0k9uqwjr,"Borderline","The Slow Rush","Tame Impala",2020-02-14,237800,87,false,,2023-08-25T20:52:07Z,"neopsicadélica,indie","Universal Music Australia Pty. Ltd.",0.621,0.873,5,-3.067,0,0.0369,0.0406,0.0000091,0.0824,0.873,97.96,4
spotify:track:1Y3LN4zO1Edc2EluIoSPJN,"Until I Found You (with Em Beihold) - Em Beihold Version","Until I Found You (Em Beihold Version)","Stephen Sanchez;Em Beihold",2022-04-22,176440,79,false,,2023-08-25T16:04:21Z,"","Republic Records",0.551,0.55,10,-5.339,1,0.0286,0.777,0,0.202,0.342,101.19,3
spotify:track:2IVsRhKrx8hlQBOWy4qebo,"Mr. Loverman","Montgomery Ricky","Ricky Montgomery",2016-04-01,216880,81,false,,2023-08-25T16:04:15Z,"","Warner Records",0.639,0.526,0,-6.697,1,0.0256,0.245,0.0000243,0.25,0.488,130.033,3
spotify:track:5I9sHwLDX28tLtzVgKLtpr,"Everybody Loves Somebody","Everybody Loves Somebody","Dean Martin",1964,167203,69,false,,2023-08-25T16:03:06Z,"natal,adult standards,big band,música swing","Legacy Recordings",0.366,0.391,3,-12.322,1,0.0425,0.854,0,0.352,0.461,119.182,3
spotify:track:5fdNHVZHbWB1AaXk4RBGVD,"Just the Two of Us","Winelight","Grover Washington, Jr.;Bill Withers",1980,443773,75,false,,2023-08-25T15:54:35Z,"soul jazz,smooth jazz,soul","Rhino/Elektra",0.743,0.429,10,-14.576,0,0.0902,0.447,0.362,0.0455,0.597,95.406,4
spotify:track:50x1Ic8CaXkYNvjmxe3WXy,"Those Eyes","Those Eyes","New West",2019-05-10,220750,79,false,,2023-08-25T15:54:16Z,"","Republic Records",0.594,0.348,4,-8.297,1,0.0285,0.709,0.0000212,0.317,0.248,120.048,3
spotify:track:6dBUzqjtbnIa1TwYbyw5CM,"Lovers Rock","French Exit","TV Girl",2014-06-05,213920,88,false,,2023-08-25T15:53:43Z,"","TV Girl",0.559,0.871,5,-5.338,0,0.0397,0.00000753,0.00545,0.096,0.572,104.97,4
spotify:track:6d67Xv8ms2noA8wWFLiPDN,"Twilight","Twilight","bôa",2001-03-21,228800,73,false,,2023-08-23T20:55:21Z,"","Nettwerk Music Group",0.386,0.826,11,-7.847,0,0.114,0.158,0.000489,0.101,0.376,187.094,4
spotify:track:3EaJDYHA0KnX88JvDhL9oa,"Dark Red","Dark Red","Steve Lacy",2017-02-20,173104,87,false,,2023-08-23T20:53:40Z,"","Three Quarter",0.603,0.784,6,-4.023,1,0.062,0.446,0.00000832,0.119,0.769,172.041,4
spotify:track:5K3SJuYEkvvrLbzOjPyRi1,"BABYDOLL (Speed)","BABYDOLL (Speed)","Ari Abdul",2022-04-01,156650,70,true,,2023-08-23T20:52:04Z,"dark r&b","Not specified",0.552,0.582,11,-5.535,1,0.0404,0.0813,0.205,0.177,0.538,105.483,4
spotify:track:5gRcv46AMTrosmTOqrOV3Q,"Dumb","In Utero","Nirvana",1993-09-21,151893,74,false,,2023-08-23T20:49:50Z,"grunge,rock","Geffen",0.697,0.395,6,-13.58,1,0.0281,0.428,0.653,0.173,0.876,113.589,4
spotify:track:7EAMXbLcL0qXmciM5SwMh2,"Heart To Heart","Here Comes The Cowboy","Mac DeMarco",2019-05-10,211140,83,false,,2023-08-23T09:08:31Z,"indie,indie lo-fi","Mac’s Record Label",0.901,0.136,8,-16.127,0,0.102,0.667,0.354,0.109,0.643,150.076,4
spotify:track:0dGqP4VickYjtIaB5VOt4H,"3:15 (Breathe)","3:15 (Breathe)","Russ",2021-05-21,184000,75,true,,2023-08-16T10:42:33Z,"","Russ My Way Inc",0.451,0.627,8,-4.59,1,0.127,0.591,0.00958,0.118,0.77,74.69,4
spotify:track:08KTQSs3ickNki7FFTb6fY,"The Cult of Dionysus","Cosmicandy","The Orion Experience;ORION;Linda XO",2006-01-01,187385,65,false,,2023-08-08T08:38:41Z,"","Sweet! Records",0.661,0.836,1,-4.079,0,0.0297,0.00615,0,0.032,0.799,137.507,4
spotify:track:54jvLVojOWiQRubRfKmZ2k,".intoodeep.","-!- (Deluxe)","Dead Poet Society",2021-12-03,219906,56,true,,2023-08-04T09:10:56Z,"","Spinefarm",0.595,0.678,8,-6.256,1,0.0417,0.000379,0.0000127,0.354,0.49,124.925,4
spotify:track:6JsAootlXP63bzFJK9gNsv,"Favorite Poison","Favorite Poison","Fuller",2020-03-20,192156,49,false,,2023-07-24T13:46:18Z,"","Fuller",0.456,0.887,6,-3.674,1,0.0355,0.0000691,0.69,0.174,0.689,77.495,4
spotify:track:6OMYrlY0ioFeC0y3SUjNLp,"Losemyhead","Losemyhead","littleDEATH",2019-01-18,198840,40,false,,2023-07-13T13:05:56Z,"","littleDEATH",0.551,0.907,7,-4.839,0,0.0689,0.00173,0,0.206,0.933,147.955,4
spotify:track:66IfNUx4NkU4cNzbOhLNC1,"I Think I'm Normal","I Think I'm Normal","Carter Ace",2018-10-05,196653,48,true,,2023-07-13T11:40:23Z,"r&b indie","Carter Ace",0.673,0.752,4,-4.877,0,0.0862,0.695,0.0000844,0.173,0.695,96.03,4
spotify:track:61QW3AcU1jm5ttPOn8eZhn,"Add It Up","Violent Femmes","Violent Femmes",1983-01-01,284333,59,true,,2023-07-07T08:53:57Z,"folk punk","Craft Recordings",0.41,0.763,4,-7.904,1,0.337,0.273,0.0000129,0.0553,0.649,171.956,4
spotify:track:7mVoBnU3mxV5Q6n4DmOv6K,"Gone Daddy Gone","Violent Femmes","Violent Femmes",1983-01-01,186066,57,false,,2023-07-07T08:53:53Z,"folk punk","Craft Recordings",0.568,0.948,2,-4.265,0,0.078,0.448,0.00059,0.19,0.84,79.329,4
spotify:track:6L89mwZXSOwYl76YXfX13s,"Basket Case","Dookie","Green Day",1994-02-01,181533,86,false,,2023-07-05T12:10:21Z,"punk,punk pop","Reprise",0.442,0.943,3,-3.205,1,0.0602,0.00293,0.00000871,0.091,0.781,85.064,4
spotify:track:5sVPOuJJAmidyxU8LjJBVu,"Trash","Coming Up - 20th Anniversary Edition (Audio Version)","Suede",1996-09-03,245946,55,false,,2023-07-01T06:48:57Z,"pop britânico,madchester","Edsel",0.422,0.99,11,-4.007,1,0.1,0.0033,0.00000103,0.345,0.174,124.6,4
spotify:track:5uH2ekAOTv6LivnTSz5yLx,"Megalovania, But It's the Main Menu Theme of Doom Eternal","Megalovania But It's Doom","novakast.",2021-02-14,230330,0,false,,2023-06-29T12:17:18Z,"","PlayTreks",0.304,0.243,5,-15.777,1,0.0318,0.000133,0.84,0.206,0.0475,99.026,4
spotify:track:3KtJaXdzJS6Y68GyGgs4gX,"Oizys","Oizys","Mac Glocky",2022-10-31,229879,37,false,,2023-06-13T18:45:28Z,"shoegaze","Rocky Frost Records",0.591,0.83,0,-5.874,1,0.0314,0.00207,0.0000335,0.187,0.689,166.113,4
spotify:track:4CBgBbUMv2H8wLz9TsL8S6,"Stalker","This Is How The World Ends","Badflower",2021-09-24,208919,42,true,,2023-06-13T18:30:39Z,"pós-grunge","Big Machine Records / John Varvatos Records",0.561,0.918,5,-4.457,1,0.218,0.00594,0,0.0586,0.475,174.974,4
spotify:track:0oA9wBGDY4uyILLg4GymWP,"Tom's Diner","Tom's Diner","AnnenMayKantereit;Giant Rooks",2019-06-28,269333,76,false,,2023-06-09T13:38:07Z,"indie alemão,pop alemão,indie pop alemão","Vertigo Berlin",0.68,0.428,6,-8.107,0,0.135,0.376,0.000344,0.355,0.334,98.222,4
spotify:track:5cbVQm11IEZieWTgX1UT25,"The Moss","The Moss","Cosmo Sheldrake",2014-05-06,242567,51,false,,2023-06-02T14:01:06Z,"","Transgressive",0.62,0.509,1,-5.553,0,0.0305,0.686,0,0.137,0.434,127.969,4
spotify:track:4NxqB3X26pbzyouGzPYbSG,"ハートに火をつけて - Album Ver.","Dawning","9mm Parabellum Bullet",2013-06-21,239626,45,false,,2023-05-29T08:20:39Z,"rock japonês,visual kei,animé","UNIVERSAL MUSIC LLC",0.522,0.937,6,-4.084,0,0.0455,0.000009,0.0243,0.0603,0.747,102.492,4
spotify:track:2bLqfJjuC5syrsgDsZfGmn,"The Way I Are","Shock Value","Timbaland;Keri Hilson;D.O.E.",2007-01-01,179120,87,false,,2023-05-28T10:40:57Z,"","Interscope/Blackground Records",0.729,0.807,6,-6.492,1,0.0936,0.181,0.75,0.319,0.765,114.742,4
spotify:track:5Pl46yccvPXXcIiXps3qHl,"No Feelings","Never Mind The Bollocks, Here’s The Sex Pistols","Sex Pistols",1977-10-27,170960,46,false,,2023-05-27T12:48:53Z,"punk,proto-punk","UMC (Universal Music Catalogue)",0.301,0.959,5,-7.209,1,0.152,0.0243,0,0.287,0.601,164.212,4
spotify:track:4eAwB5pnKFTmsgc3zWoYO0,"Fake It","Finding Beauty In Negative Spaces (Bonus Track Version)","Seether",2007-01-01,193893,77,true,,2023-05-25T14:18:20Z,"pós-grunge,metal alternativo,rock","Fantasy Records",0.611,0.95,8,-3.509,1,0.0518,0.00141,0.00000159,0.0543,0.607,132.078,4
spotify:track:21qnJAMtzC6S5SESuqQLEK,"Pump Up The Jam","Pump Up The Jam","Technotronic",1989-11-28,320306,76,false,,2023-05-22T21:39:32Z,"eurodance,hip house,dança","Universal Music S.A.",0.885,0.844,10,-9.225,0,0.0733,0.0147,0.00000449,0.0494,0.715,124.602,4
spotify:track:4ztdjZ2t7BVo5DLIFQBdJh,"Jericho","Jericho","Iniko",2023-04-15,158133,67,false,,2023-05-22T16:05:16Z,"","Columbia",0.721,0.541,2,-8.924,0,0.12,0.528,0,0.13,0.616,153.919,4
spotify:track:6WI2GsakMUzGf9EGT0Ln5t,"Drunk","zero_one","The Living Tombstone",2020-09-04,205904,58,true,,2023-05-22T15:20:45Z,"","Ghost Pixel Records",0.583,0.96,1,-2.915,1,0.155,0.0101,0,0.232,0.689,112.077,4
spotify:track:6QDIOJvKxHvQtgxwyQ3MA0,"No Room Left","No Room Left","Mookielaka",2021-10-10,152622,32,false,,2023-05-16T06:53:34Z,"","Freakbait",0.903,0.59,9,-9.758,0,0.0649,0.169,0.196,0.155,0.771,120.027,4
spotify:track:1hwJKpe0BPUsq6UUrwBWTw,"Boulevard of Broken Dreams","Boulevard of Broken Dreams","Green Day",2004,261266,75,true,,2023-05-15T08:24:43Z,"punk,punk pop","Reprise",0.49,0.679,8,-3.68,1,0.0309,0.00394,0.0000154,0.0383,0.506,167.046,4
spotify:track:6ajyEEzWZbw8ycDcJAN099,"Cupid's Chokehold / Breakfast in America - Radio Mix","Cupid's Chokehold / Breakfast in America","Gym Class Heroes",2007-01-02,237173,54,false,,2023-05-12T15:12:18Z,"","Decaydance/Fueled By Ramen/ATL",0.584,0.681,1,-5.084,0,0.0781,0.495,0,0.289,0.821,79.702,4
spotify:track:03ywLTL6AjHXY5iH9UzUE3,"Love & War (TikTok Edit) - Remix","Love & War (TikTok Edit) [Remix]","EDITKINGS;Verdun Remix",2022-11-28,96778,0,false,,2023-05-11T19:07:58Z,"techengue","Verdun Remix",0.812,0.775,11,-5.06,1,0.0353,0.00303,0.189,0.142,0.96,111.55,4
spotify:track:4Xnp7jPFqy5ePobsQtmjbL,"Sorry 2 Piss On Your Pity Party","Sorry 2 Piss On Your Pity Party","We Weren't Invited",2022-12-16,248000,14,false,,2023-05-09T11:24:21Z,"","We Weren't Invited",0.328,0.799,1,-7.422,0,0.0655,0.00108,0.000449,0.1,0.64,117.656,4
spotify:track:3MBGurMwceLyssIlvuYKwg,"Frostbite","Chiaroscuro","Ocean Alley",2018-03-09,204462,0,false,,2023-05-09T09:59:20Z,"surf rock","Ocean Alley",0.525,0.725,2,-8.87,1,0.0419,0.00158,0.000464,0.325,0.415,149.737,4
spotify:track:7H8MK8NTVHMYxfHaZyn8xO,"Where Were You Where They Were Also","A","The Slaps",2019-04-05,243000,0,false,,2023-04-27T06:50:15Z,"","FRTYFVE",0.555,0.491,8,-13.514,0,0.0382,0.38,0.0035,0.403,0.52,148.409,4
spotify:track:29ftVo3C2fq2phOEjJkTYm,"girl in blue","girl in blue","Animal Sun",2019-06-20,209142,53,false,,2023-04-24T14:36:06Z,"","Animal Sun",0.624,0.837,7,-5.284,0,0.0649,0.0639,0.00000251,0.136,0.891,140.078,4
spotify:track:5MxNLUsfh7uzROypsoO5qe,"Dream On","Aerosmith","Aerosmith",1973-01-05,266960,8,false,,2023-04-12T15:51:07Z,"rock clássico,rock","Columbia",0.307,0.433,1,-10.057,1,0.029,0.388,0.0000908,0.332,0.224,160.9,4
spotify:track:1jDJFeK9x3OZboIAHsY9k2,"I'm Still Standing","Too Low For Zero","Elton John",1983-05-30,183440,86,false,,2023-04-12T08:57:34Z,"","EMI",0.505,0.904,6,-6.863,1,0.179,0.355,0.118,0.14,0.773,176.811,4
spotify:track:2U94Nj4SVS7TNsUiObLWPm,"End of It","End of It","Friday Pilots Club",2017-10-23,209514,60,false,,2023-04-11T15:52:50Z,"","Friday Pilots Club",0.696,0.551,4,-9.955,0,0.0456,0.0131,0,0.0604,0.807,100.975,4
spotify:track:1mGQFvPB4N3kme97u1SXTb,"DEMONS IN MY SOUL - Slowed","DEMONS IN MY SOUL (Slowed)","SCXR SOUL;Sx1nxwy",2022-10-21,146428,52,true,,2023-04-09T13:40:39Z,"phonk,drift phonk","SCXR SOUL",0.707,0.324,0,-7.578,1,0.0621,0.0203,0.92,0.104,0.353,82.268,4
spotify:track:5tfPSkFUNFatk0doDUWrjh,"he was just a monkey x swerved it slo","he was just a monkey x swerved it slo","808 Romange",2015-03-16,114743,0,false,,2023-04-09T13:38:22Z,"","Palermo Records, under excl. rights to DNS Media LLC",0.764,0.522,8,-9.748,0,0.036,0.00914,0.842,0.148,0.158,110.864,1
spotify:track:61mOrO1DrhMOMj8SKgoSSR,"Give It To Me - Sped Up","Give It To Me - Sped Up","FYLOW",2023-01-02,143102,0,true,,2023-04-09T13:10:58Z,"","Void of Phonk",0.927,0.557,11,-10.109,0,0.0843,0.151,0.000164,0.0392,0.634,136.983,4
spotify:track:3vcLw8QA3yCOkrj9oLSZNs,"I Know - PR1SVX Edit","I Know (PR1SVX Edit)","Kanii;PR1ISVX",2023-03-24,133829,69,true,,2023-04-07T21:51:42Z,"jersey club","Masked Records/Warner Records",0.674,0.759,11,-8.234,0,0.0695,0.0784,0.472,0.296,0.109,134.038,4
spotify:track:5vRXG939KMWdIPdLRYo9kw,"New Invention","RAZZMATAZZ","I DONT KNOW HOW BUT THEY FOUND ME",2020-10-23,191593,57,false,,2023-04-06T15:19:34Z,"","Fearless Records",0.489,0.854,0,-3.03,1,0.079,0.00842,0.00000406,0.091,0.763,180.138,4
spotify:track:67KY1Qwb2N8qI1uWiXr5WC,"Go Godzilla On Ya Frikkn City","HUMANOID-FLAMETHROWER","beastboy",2021-12-10,181000,49,true,,2023-04-05T16:58:17Z,"hip-hop alemão","Space Music Records",0.78,0.558,6,-8.15,0,0.254,0.182,0.00000494,0.343,0.355,135.055,4
spotify:track:2rpbbxk3EtstH1flOZcvVd,"Churches","Churches","flipturn",2018-02-23,269366,41,false,,2023-04-03T07:35:56Z,"","flipturn",0.503,0.792,8,-6.061,0,0.0358,0.000345,0.000738,0.0721,0.508,167.975,4
spotify:track:65tObqreCtRiTJW8dUjIdI,"Rock Star Skinny","Strictly Platonic.","The Real Zebos",2019-06-28,278133,41,false,,2023-04-03T07:23:09Z,"","The Real Zebos",0.617,0.75,5,-5.559,1,0.0341,0.00177,0.00000774,0.0584,0.656,144.854,4
spotify:track:2NUIAdcab3edgPNqrYoi1U,"Paradise","Paradise","Ryan Perdz",2022-04-12,249913,43,false,,2023-03-27T14:28:00Z,"","2362388 Records DK",0.441,0.725,3,-6.19,0,0.038,0.00177,0.000436,0.108,0.716,140.058,4
spotify:track:18hSFDMVSWVQo2qkOGLcQP,"115 And 5 Seconds For You","115 And 5 Seconds For You","Benjamin Amaru",2018-12-14,120000,37,false,,2023-03-15T18:54:34Z,"","act ill records",0.734,0.536,10,-6.886,1,0.14,0.929,0.00000326,0.113,0.193,120.173,4
spotify:track:0pdKRp2sUthTPe7RLWpPqQ,"You're Somebody Else","You're Somebody Else","flora cash",2018-06-19,218883,68,false,,2023-03-15T18:22:55Z,"","Bee & El/RCA Records",0.713,0.452,1,-9.638,1,0.0295,0.841,0.0038,0.105,0.235,102.963,4
spotify:track:1PpLfxFkX0gNBR2qhAOxiS,"About Last Night...","Ramona","Kill Bill: The Rapper",2014-09-14,279151,37,true,,2023-03-14T12:12:50Z,"","Rap Club Exordium",0.562,0.8,0,-6.805,1,0.411,0.47,0.00000161,0.333,0.692,78.018,4
spotify:track:3xIIZTjLwmy0X1Amv5g5IT,"Eagle","Eagle","VHS",2018-04-05,250121,34,true,,2023-03-14T08:40:19Z,"","832042 Records DK",0.482,0.681,7,-7.63,1,0.284,0.00845,0,0.688,0.641,180.353,4
spotify:track:2KglCkxv2AvRQxGGIXgRtY,"Monkey Machine","New Skin","CRX",2016-10-28,168106,30,false,,2023-03-13T08:44:00Z,"","Columbia",0.503,0.978,9,-3.978,0,0.0927,0.0000106,0.526,0.256,0.61,150.03,4
spotify:track:6vZI7ju4Bg0Ui7HRidqlp4,"Straight Outta Flames","Bohemian Psycho","REDZED",2019-03-31,125127,59,true,,2023-03-12T20:14:02Z,"trap metal,horrorcore","Redzed",0.568,0.87,1,-2.615,1,0.172,0.0000836,0.000779,0.084,0.338,188.014,3
spotify:track:2dIeraguJ8SoHDqXfSZelZ,"Lava","Lately EP","Still Woozy",2019-05-03,157303,54,false,,2023-03-10T20:33:18Z,"bedroom pop","Still Woozy Productions Inc., under exclusive license to Interscope Records",0.62,0.616,1,-10.071,1,0.143,0.304,0.00954,0.264,0.67,169.139,4
spotify:track:6hD9hTKFzdt8TOwlrV0CRB,"Coraline","Arrested Youth & the Quarantiners","Arrested Youth",2020-05-29,151071,23,false,,2023-03-07T20:15:08Z,"","Lowly",0.703,0.683,11,-6.269,0,0.0728,0.133,0,0.123,0.538,140.054,4
spotify:track:09yMMsDD3byXYH8S4SaiLa,"soul eater","soul eater","Ethan Bortnick",2021-02-19,168016,30,false,,2023-03-07T13:16:36Z,"","Sun and Sky Records",0.798,0.67,2,-5.789,1,0.175,0.0644,0.000192,0.154,0.723,89.938,4
spotify:track:5BKKy9fIJL5uM9fz1SnqyP,"Chicago","XSCAPE","Michael Jackson",2014-05-09,245565,86,false,,2023-02-28T20:11:54Z,"","Epic/MJJ",0.608,0.756,7,-2.675,0,0.176,0.0784,0,0.187,0.55,176.086,4
spotify:track:7zwn1eykZtZ5LODrf7c0tS,"You Get Me So High","Hard To Imagine The Neighbourhood Ever Changing","The Neighbourhood",2018-11-02,153000,82,false,,2023-02-19T14:45:03Z,"","Columbia",0.551,0.881,7,-6.099,0,0.0542,0.186,0.0791,0.152,0.387,88.036,4
spotify:track:0EtirusGt3LivUmALXSMVe,"Role Model","The Slim Shady LP","Eminem",1999-02-23,205400,68,true,,2023-02-16T13:43:10Z,"rap,hip-hop","Aftermath",0.865,0.589,7,-4.224,1,0.258,0.0218,0.0000046,0.04,0.776,91.968,4
spotify:track:5SXM4OsHpWqgNUfvZRI2m6,"Somniphobia","Somniphobia","Afourteen;TEENAGE DISASTER",2019-11-28,362587,0,true,,2023-02-12T18:54:03Z,"trap metal","1248705 Records DK",0.46,0.509,0,-8.115,1,0.0482,0.0421,0.00000138,0.0591,0.408,94.943,4
spotify:track:7rK0iM6jwuo1oizdx8suQA,"Is This Love ('09) (feat. 50 Cent)","Curtain Call 2","Eminem;50 Cent",2022-08-05,212013,57,true,,2023-02-08T08:09:20Z,"rap,hip-hop,old school hip-hop,hip-hop da Costa Leste","Eminem Catalog PS",0.853,0.776,8,-4.221,1,0.261,0.0714,0,0.181,0.659,94.028,4
spotify:track:6r6lig6dcPGsEwbIG3T1mH,"Telepathic Humans","Telepathic Humans","Lucy",2017-07-28,193506,47,false,,2023-02-01T21:04:39Z,"","Lucy",0.511,0.676,1,-7.292,1,0.0317,0.00761,0.00000381,0.303,0.699,91.996,4
spotify:track:5BUMezybH9ddavsNH1O6Py,"DRIVE OFF A BRIDGE","ROMCOM","Jakey",2022-11-18,201587,42,true,,2023-02-01T09:43:14Z,"","Jakey",0.684,0.648,2,-9.183,0,0.035,0.3,0.00000973,0.672,0.418,120.233,4
spotify:track:0AFydkgl5Creero3gNjqvF,"Murders","Hawaii: Part II","Miracle Musical",2012-12-12,222985,61,false,,2023-02-01T09:30:03Z,"","ミラクルミュージカル",0.335,0.41,11,-9.534,0,0.0302,0.873,0.433,0.122,0.26,143.97,4
spotify:track:3a94TbZOxhkI9xuNwYL53b,"Black Summer","Black Summer","Red Hot Chili Peppers",2022-02-04,232412,63,false,,2023-01-27T20:12:37Z,"funk rock,rock alternativo,rock","Warner Records",0.417,0.682,1,-5.071,1,0.0295,0.0267,0.000669,0.109,0.351,105.542,4
spotify:track:1ndGB6rvxKYN9seCYO1dTF,"The Zephyr Song","By the Way (Deluxe Edition)","Red Hot Chili Peppers",2002-07-09,231933,79,false,,2023-01-27T20:02:17Z,"funk rock,rock alternativo,rock","Warner Records",0.725,0.803,2,-4.083,1,0.0337,0.013,0.0000366,0.0891,0.403,117.391,4
spotify:track:2aibwv5hGXSgw7Yru8IYTO,"Snow (Hey Oh)","Stadium Arcadium","Red Hot Chili Peppers",2006-05-09,334666,84,false,,2023-01-26T20:20:32Z,"funk rock,rock alternativo,rock","Warner Records",0.427,0.9,11,-3.674,1,0.0499,0.116,0.0000175,0.119,0.599,104.655,4
spotify:track:3ZOEytgrvLwQaqXreDs2Jx,"Can't Stop","By the Way (Deluxe Edition)","Red Hot Chili Peppers",2002-07-09,269000,89,false,,2023-01-24T20:13:56Z,"funk rock,rock alternativo,rock","Warner Records",0.618,0.938,9,-3.442,1,0.0456,0.0179,0,0.167,0.875,91.455,4
spotify:track:1hw43ZoKitkFcaJ059UthQ,"The Mill","Anti-World II","Sybyr",2021-06-11,154838,0,true,,2023-01-20T11:13:19Z,"trap metal,cloud rap,hip-hop experimental,horrorcore","Anti-World",0.783,0.818,6,-4.599,1,0.0524,0.00477,0.00263,0.132,0.875,124.018,4
spotify:track:2oRRdydlPvk3T7F25LixTS,"Серотонин","Боль","МОЛОДОСТЬ ВНУТРИ",2022-10-21,171511,33,false,,2023-01-20T11:00:51Z,"","Peter Explorer",0.563,0.887,1,-6.336,1,0.117,0.00875,0,0.15,0.455,159.976,4
spotify:track:2o0HBEggQAyXYcIk4ZRMvY,"Psychic","Psychic","WILDE",2020-12-31,162855,24,false,,2023-01-20T10:51:42Z,"","WILDE",0.695,0.727,10,-3.913,1,0.258,0.696,0.0000068,0.136,0.576,165.91,4
spotify:track:2iyxF9PYIkIQJh5jfPp6Qc,"loveme","loveme","Nicoteen Ninyo",2020-10-25,202235,0,true,,2023-01-19T20:15:20Z,"emo rap","nicoteen ninyo",0.601,0.547,9,-4.995,0,0.0293,0.0889,0.000066,0.114,0.161,96.952,4
spotify:track:1Os2VQpm9aPGEY7yJXlMIP,"WWIII","Death Of An Optimist","grandson",2020-12-04,201985,50,true,,2023-01-15T21:24:37Z,"","Fueled By Ramen",0.709,0.642,9,-7.464,0,0.0387,0.0444,0.00000213,0.143,0.276,120.022,4
spotify:track:0QKfiqpEU4h9ycPSzIFwYe,"Maniac","Flashdance (Original Soundtrack From The Motion Picture)","Michael Sembello",1983-04-11,244706,74,false,,2023-01-13T15:21:41Z,"","Mercury Records",0.617,0.533,3,-11.516,0,0.0651,0.0891,0.00000401,0.0415,0.835,158.861,4
spotify:track:6PwjJ58I4t7Mae9xfZ9l9v,"Somebody Told Me","Hot Fuss","The Killers",2004,197200,85,false,,2023-01-06T19:57:34Z,"rock alternativo","Island Records",0.497,0.97,10,-4.851,0,0.0836,0.0000904,0.000674,0.101,0.689,138.081,4
spotify:track:6yMItpJvwJUg4kG06uGrJf,"AUTUMN","LORD$OFDOGTOWN","LORD$OFDOGTOWN",2019-10-09,178500,27,true,,2023-01-04T20:50:57Z,"","GLENN HAVEN",0.569,0.682,7,-7.404,0,0.0827,0.0665,0.0000406,0.143,0.366,119.96,4
spotify:track:3xd4GVGAuzJGdVZLEKvWea,"Lost","Stay Ugly EP","Crim3s",2013-04-11,148000,60,false,,2023-01-02T13:25:17Z,"witch house,electroclash","Crim3s",0.497,0.651,7,-4.93,1,0.0322,0.000603,0.000531,0.0723,0.109,119.886,4
spotify:track:7g7or6ba1mBgq5Ydj2ixjs,"INBETWEEN","UNDERGROWTH","DUSTY",2022-02-11,114845,46,true,,2023-01-01T19:33:23Z,"emo rap","Polar Culture",0.682,0.653,6,-7.043,0,0.0988,0.138,0.0016,0.0554,0.682,92.007,4
spotify:track:5JDwLHI2YUkFSFSn4g5pGd,"Can I Kick It","Supermarket (Soundtrack)","Logic;Juto",2019-03-26,201546,43,true,,2022-12-30T13:37:33Z,"","Def Jam Recordings",0.789,0.774,2,-4.415,1,0.0613,0.611,0.00124,0.298,0.488,100.077,4
spotify:track:5RBOcBpJXaNnHCGViJmYhh,"The Perfect Girl","The Perfect Girl","Mareux",2021-12-08,194423,77,false,,2022-12-21T13:51:52Z,"darkwave,cold wave","Revolution Records",0.485,0.89,8,-5.992,0,0.0911,0.000872,0.818,0.102,0.258,128.881,4
spotify:track:0RYHqnmtNRfbYxP6Dn8Vse,"masquerade","masquerade","siouxxie sixxsta",2021-11-11,144535,67,false,,2022-12-20T11:37:30Z,"hyperpop","Elektra (NEK)",0.608,0.792,9,-5.721,1,0.0355,0.000674,0.653,0.252,0.611,161.104,4
spotify:track:0t89zjm5vxQCuW4jkOfT93,"Terrapin","Don't Feed the Birds","Ben Beal;byJ.",2020-02-07,173181,43,true,,2022-12-20T10:08:04Z,"jazz rap,batidas lo-fi","VinDig",0.655,0.668,1,-7.022,1,0.175,0.0273,0.00000144,0.054,0.719,88.035,4
spotify:track:7fWdSQksnzNmumpcDDDfdM,"Выключили свет","Выключили свет","zavet",2020-02-27,141500,1,false,,2022-12-14T09:00:55Z,"","zavet",0.671,0.853,0,-5.738,1,0.055,0.0592,0.186,0.0965,0.77,179.981,4
spotify:track:0a3Bfmq7czUFUsk2VZUA28,"Sitio do Tio Harry","Coisas Que Eu Só Falaria Brincando","Sid;NOG;André Nine;Chiocki",2022-02-11,291882,59,true,,2022-12-14T08:43:08Z,"hip-hop brasileiro,boom bap,trap brasileiro,trap funk,funk consciente,funk brasileiro,trap","Bendita Gravadora",0.682,0.694,1,-6.353,1,0.43,0.448,0,0.298,0.732,84.306,4
spotify:track:2Y0iGXY6m6immVb2ktbseM,"Little Dark Age","Little Dark Age","MGMT",2018-02-09,299933,80,false,,2022-12-13T20:04:04Z,"indie","Columbia",0.705,0.712,6,-6.156,1,0.0385,0.0102,0.000855,0.1,0.62,97.512,4
spotify:track:0rRjGruFonCGOt0S5zAJNQ,"The Other Side Of Paradise","How To Be A Human Being","Glass Animals",2016-08-26,320654,71,true,,2022-12-05T12:49:32Z,"","Wolf Tone",0.689,0.338,11,-7.634,0,0.0629,0.349,0.000057,0.0649,0.568,128.012,4
spotify:track:7oWbeO9v3Cfs900q7JhLAs,"Come A Little Closer","Melophobia","Cage The Elephant",2013-10-08,229346,72,false,,2022-11-22T18:42:54Z,"","UMC (Universal Music Catalogue)",0.44,0.778,1,-1.786,0,0.0327,0.0265,0.00000104,0.151,0.304,148.038,4
spotify:track:20g5M8pzMRTiRBP4EWuepS,"Low","Closed Door","Starboard",2021-01-21,178005,24,false,,2022-11-21T08:08:18Z,"","No Self",0.622,0.708,2,-9.499,1,0.0289,0.00715,0.689,0.265,0.496,124.991,4
spotify:track:3hCv6AIiZpgqFk1X2uTXQc,"I CAN'T WAIT","I CAN'T WAIT","Aim Vision",2020-10-09,148845,31,true,,2022-11-20T11:21:47Z,"","Nameless Faces",0.895,0.567,9,-10.42,0,0.242,0.299,0.00000471,0.14,0.78,99.997,4
spotify:track:3soKdLpgZNCtYLRsnwxwfB,"Trigger Of Love","For Abby","JAWNY",2020-10-27,170023,61,true,,2022-11-13T19:05:22Z,"bedroom pop","Johnny Utah LLC",0.661,0.618,6,-5.023,1,0.167,0.371,0.000222,0.114,0.523,75.029,4
spotify:track:2GThBgzZoZfz0lx1JjBwfe,"Those Eyes","Those Eyes","New West",2019-05-10,220750,2,false,,2022-11-13T16:22:47Z,"","199x",0.597,0.351,4,-8.043,1,0.0281,0.727,0.0000386,0.319,0.243,119.948,3
spotify:track:227dBWcP2kK6N3Zin6U9HM,"#doyalike","#doyalike","Sxllie;Shokaii",2022-09-30,183112,3,true,,2022-11-13T11:58:23Z,"jersey club,club de baltimore,vogue salão de baile","Drooling Rotties",0.631,0.522,0,-13.837,0,0.0717,0.11,0.312,0.581,0.391,96.098,4
spotify:track:6eczJiyXPukaEhiA6OPPtk,"On the Back Burner","Alcopops & Charity Shops","The Reytons",2018-08-03,126074,1,true,,2022-11-11T07:18:49Z,"","Scruff of the Neck",0.623,0.931,9,-4.652,1,0.049,0.00504,0,0.113,0.963,100.072,4
spotify:track:11iIikXxC6NP0Ma8vMD27x,"Alien Blues","Gawk","Vundabar",2015-07-24,155933,79,true,,2022-11-10T18:40:18Z,"","Gawk Records under exclusive license to Amuseio AB",0.467,0.757,3,-5.093,1,0.033,0.0807,0.908,0.0876,0.433,82.282,4
spotify:track:7rLTIj72xk3Lks1g1dZFj8,"Kaneki","Kaneki","Mofix",2001-04-05,137067,0,false,,2022-11-10T18:35:45Z,"","varsain",0.499,0.7,1,-7.768,0,0.0421,0.00337,0.00201,0.338,0.498,82.474,4
spotify:track:3bN0ClUvRz8289XE7tNW0k,"","mne malo malo malo tebya","",1990-05-01,0,0,false,,2022-11-09T13:38:14Z,"","keench",0.435,0.9,1,-3.635,1,0.23,0.000275,0.578,0.347,0.793,181.53,4
spotify:track:34LaMqshqKuhLgBVFO44YK,"I Can Fantasize About Whatever I Want","Boundaries","mrgirl",2021-08-13,271235,30,true,,2022-11-08T17:48:43Z,"","mrgirl",0.567,0.632,1,-11.153,1,0.396,0.154,0,0.108,0.57,84.246,4
spotify:track:63yPnzpuLKgNPITWaP1eFG,"Spiralia","Spiralia","Killstation",2021-03-02,78926,0,false,,2022-11-07T17:30:02Z,"emo rap,trap metal,cloud rap,horrorcore","Killstation",0.551,0.85,10,-5.356,1,0.0618,0.0645,0.00161,0.293,0.263,149.101,4
spotify:track:4t6tRJAcMnEaJKUQUDyosw,"Counting Days Till Suicide","Ecstasy","REDZED",2017-06-30,139024,0,true,,2022-11-07T15:45:17Z,"trap metal,horrorcore","REDZED",0.759,0.803,5,-6.248,1,0.035,0.00412,0.00587,0.0691,0.366,110.491,4
spotify:track:7ed1SXgMgl6W3urKXla8AK,"FALL","SWINGSET","Isaac App",2021-11-19,134774,39,true,,2022-11-05T11:27:31Z,"","Isaac Unassisted, LLC",0.897,0.637,6,-9.146,0,0.265,0.168,0,0.113,0.717,130.011,4
spotify:track:6yIGZp1AaFBoDczu3b4hVU,"Confessions of a Dangerous Mind","Confessions of a Dangerous Mind","Logic",2019-05-10,283866,52,true,,2022-11-04T17:33:49Z,"","Def Jam Recordings",0.806,0.756,7,-4.091,0,0.208,0.385,0,0.11,0.622,141.97,4
spotify:track:7e0nXDIIa6hFqI4HmuanLP,"Soul Food II","No Pressure","Logic",2020-07-24,333777,47,true,,2022-11-04T16:56:18Z,"","Def Jam Recordings",0.457,0.909,6,-4.749,0,0.328,0.13,0,0.48,0.615,87.412,4
spotify:track:1OmmCrliFMIWzNke437KHE,"GP4","No Pressure","Logic",2020-07-24,274060,44,true,,2022-11-04T16:55:52Z,"","Def Jam Recordings",0.809,0.684,6,-3.578,0,0.273,0.282,0.00000144,0.241,0.857,85.009,4
spotify:track:7tQpKKS4Jis0pCotemeLdz,"Tetris","Vinyl Days","Logic",2022-06-17,124973,38,true,,2022-11-04T16:55:08Z,"","Visionary Music Group LLC/ Def Jam PS",0.708,0.98,6,-3.122,1,0.251,0.118,0,0.614,0.585,96.879,4
spotify:track:20EmzsRBgZSEVbZWp0fqtx,"Limitless","Confessions of a Dangerous Mind","Logic",2019-05-10,244680,43,true,,2022-11-04T16:53:48Z,"","Def Jam Recordings",0.838,0.776,0,-3.125,1,0.0932,0.0436,0.000114,0.0924,0.715,155.05,4
spotify:track:61YzdCCBPM5Pc7lIiD5i8C,"Bang Bang","Troubadour","K'NAAN;Adam Levine",2009,186533,78,true,,2022-10-25T16:56:41Z,"","Interscope Records*",0.623,0.901,10,-4.402,0,0.182,0.0785,0,0.0251,0.896,179.985,4
spotify:track:0Qr9Dl5b43RAZuXTSqzBzu,"American Psycho II","D-12 World","D12;B-Real",2004-01-01,224240,63,true,,2022-10-23T09:58:03Z,"hip-hop da Costa Oeste","Polydor Associated Labels",0.646,0.83,6,-4.456,0,0.32,0.403,0,0.138,0.71,93.364,4
spotify:track:266Vb7ItE3o1q8HdJ9QOvn,"Verbatim","Touch Up","Mother Mother",2007-05-08,168320,1,true,,2022-10-22T17:58:55Z,"","Last Gang",0.827,0.58,7,-6.809,1,0.327,0.309,0,0.148,0.492,78.011,4
spotify:track:0d28khcov6AiegSCpG5TuT,"Feel Good Inc.","Demon Days","Gorillaz;De La Soul",2005-05-23,222640,91,false,,2022-10-12T06:24:55Z,"jazz rap,hip-hop da Costa Leste","Parlophone UK",0.818,0.705,6,-6.679,1,0.177,0.00836,0.00233,0.613,0.772,138.559,4
spotify:track:0HBrtXJohbIW4IhPZ50GmH,"The Bidding","Marvin's Marvelous Mechanical Museum","Tally Hall",2005-10-24,160613,68,false,,2022-10-12T06:24:03Z,"","Tally Hall",0.538,0.607,9,-5.261,0,0.216,0.248,0.00000554,0.0999,0.515,175.424,4
spotify:track:0gmbgwZ8iqyMPmXefof8Yf,"How You Remind Me","Silver Side Up","Nickelback",2001-09-11,223840,88,false,,2022-10-12T06:21:31Z,"pós-grunge,rock","Roadrunner Records",0.446,0.764,10,-5.042,1,0.033,0.00135,0,0.099,0.543,172.094,4
spotify:track:305WCRhhS10XUcH6AEwZk6,"Are You Gonna Be My Girl","Get Born","Jet",2003,213800,11,false,,2022-10-12T06:18:31Z,"","BMG Rights Management (US) LLC",0.606,0.957,2,-3.404,1,0.0814,0.00117,0.000295,0.14,0.603,105.105,4
spotify:track:2KBYPTSTHjYYOPACrFTkPy,"Punk Tactics","Punk Tactics","Joey Valence & Brae",2022-04-15,143552,1,true,,2022-10-11T14:01:49Z,"","Joey Valence & Brae",0.513,0.974,1,-1.113,0,0.508,0.0159,0,0.0712,0.503,195.767,4
spotify:track:61604SKj1Chhk2fEZlcy06,"What Do They Know?","You'll Rebel To Anything (Expanded and Remastered 2008)","Mindless Self Indulgence",2008-01-22,188573,48,false,,2022-10-11T13:48:27Z,"","Metropolis Records",0.645,0.791,7,-5.48,1,0.0927,0.0406,0,0.293,0.601,153.95,4
spotify:track:2qLSXZuIHMsKydCEFDchc3,"Bang Bang Bang Bang","Ribbed Music For The Numb Generation","Sohodolls",2007-09-24,181640,68,false,,2022-10-10T21:04:35Z,"","A&G Productions",0.729,0.581,10,-7.091,0,0.0304,0.531,0.00000109,0.102,0.352,93.997,4
spotify:track:0zMAvsQmaQ4DGsmXtKixpn,"Burning Pile","O My Heart","Mother Mother",2008-09-23,262173,2,false,,2022-10-10T17:13:22Z,"","Last Gang",0.516,0.755,5,-3.724,1,0.0383,0.0633,0.00103,0.107,0.165,140.099,4
spotify:track:4EWCNWgDS8707fNSZ1oaA5,"Heartless","808s & Heartbreak","Kanye West",2008-11-24,211000,88,false,,2022-10-10T16:58:06Z,"rap","Roc-A-Fella",0.79,0.647,10,-5.983,0,0.136,0.0515,0,0.248,0.654,87.999,4
spotify:track:7j31rVgGX9Q2blT92VBEA0,"Teenagers","The Black Parade","My Chemical Romance",2006-10-20,161920,83,false,,2022-10-10T16:37:14Z,"emo,punk pop","Reprise",0.463,0.857,4,-3.063,1,0.0632,0.0506,0,0.184,0.856,111.647,4
spotify:track:1Y2583xYzwiEXDetAB7H1Q,"Sex with a Ghost","Sock-Footed","Teddy Hyde",2018-04-02,240229,64,false,,2022-09-29T13:04:55Z,"","Teddy Hyde and Many Hats Distribution",0.48,0.329,11,-12.487,0,0.0329,0.874,0.00165,0.244,0.385,80.375,4
spotify:track:7in67pQ0NU9nJhZGYMAwJ7,"911","West Koasta Nostra","Boo-Yaa T.R.I.B.E.;Eminem;B-Real",2003-10-07,276456,0,true,,2022-09-29T12:58:56Z,"rap metal,hip-hop da Costa Oeste,g-funk,rap,hip-hop","Boo-Yaa T.R.I.B.E. / Precise",0.72,0.73,7,-3.474,1,0.51,0.138,0.000179,0.103,0.587,82.425,1
spotify:track:3txHkfFFEeMRblGlfe1kdm,"Pussy Motherfuckerz - D-Fence Remix","Invincible","Endymion;D-Fence",2018-06-20,140250,53,true,,2022-09-29T06:19:35Z,"hardstyle,hardcore,gabber,frenchcore,tecno hardcore,speedcore","Nightbreed",0.657,0.997,8,-0.591,1,0.199,0.0691,0,0.222,0.169,100.036,4
spotify:track:2kS6td1yvmpNgZTt1q5pQq,"Hayloft","O My Heart","Mother Mother",2008-09-23,181680,3,false,,2022-09-28T07:40:40Z,"","Last Gang",0.527,0.922,9,-2.666,0,0.0728,0.00475,0.000162,0.422,0.49,95.975,4
spotify:track:22ya9ZSp7FxhcgFLALm0eS,"KULT (feat. Jasiah)","KULT (feat. Jasiah)","Steve Aoki;grandson;Jasiah",2022-02-18,177149,46,true,,2022-09-16T12:48:49Z,"eletro house,dança eletro,trap metal","Dim Mak Records/DJ Kid Millionaire Ltd.",0.446,0.832,4,-4.195,0,0.0596,0.000331,0.000784,0.203,0.558,165.983,4
spotify:track:7oedDRnwXSz3gF2Y6cfs6o,"Cowboy Bebop","Cowboy Bebop","A-Kil",2018-09-23,222765,36,true,,2022-09-16T12:41:56Z,"","AK RECORDS",0.768,0.73,1,-10.352,1,0.357,0.473,0,0.135,0.907,93.842,4
spotify:track:0VbAlKvb9albhSIaHArN0p,"The Room","The Room","47stillstanding;Nobdy",2020-12-20,219298,32,true,,2022-09-10T21:42:40Z,"","R I S K L I F E Records",0.872,0.436,0,-8.266,0,0.0706,0.749,0.0000176,0.0849,0.634,139.99,4
spotify:track:7fnMJamsfxdX4XWvhxKq1M,"I Love Fire","I Love Fire","Yxng Davi",2020-06-25,209037,40,false,,2022-09-10T21:24:17Z,"","YXNG Records",0.666,0.575,11,-7.442,0,0.272,0.476,0,0.545,0.33,126.076,4
spotify:track:37y7iDayfwm3WXn5BiAoRk,"Dark Red","Dark Red","Steve Lacy",2017-02-20,173104,3,false,,2022-09-10T17:59:27Z,"","Three Quarter",0.603,0.783,6,-4.023,1,0.062,0.449,0.00000796,0.119,0.775,172.041,4
spotify:track:0SA0mMXWh23raZ6xzOCU2V,"She","Goblin","Tyler, The Creator;Frank Ocean",2011-05-09,253386,77,true,,2022-09-10T17:46:33Z,"","XL Recordings",0.35,0.621,8,-6.495,0,0.233,0.256,0.0000344,0.613,0.459,83.375,4
spotify:track:5Sk39LuvdwuvL84jD01Dum,"vendetta!","vendetta!","MUPP;Sadfriendd",2022-05-20,107044,66,true,,2022-08-29T09:33:54Z,"phonk,drift phonk","Sadfriendd x MUPP",0.706,0.91,1,-3.527,1,0.146,0.175,0.000002,0.11,0.667,126.007,4
spotify:track:6sUanWyTSPxlTm3aaGCwKm,"Jaded","Into The Rift","Quarters",2022-07-29,267091,37,true,,2022-08-22T14:06:41Z,"","Elektra (NEK)",0.662,0.776,1,-6.567,0,0.0352,0.00841,0.0000314,0.265,0.751,126.985,4
spotify:track:7J2gyNghNTzl4EsLhXp01Q,"infinity (888) - feat. Joey Bada$$","?","XXXTENTACION;Joey Bada$$",2018-03-16,176590,69,true,,2022-08-19T18:11:00Z,"emo rap,hip-hop,jazz rap,rap","Bad Vibes Forever, LLC",0.562,0.579,10,-6.788,0,0.484,0.274,0,0.102,0.577,84.143,4
spotify:track:6jKOxnQ1Pdsr4KblSSeA0j,"Control","Birthday Boy","Aaron Taos",2019-03-06,184768,0,false,,2022-08-04T18:13:52Z,"","Aaron Taos",0.638,0.565,5,-8.154,0,0.0308,0.0712,0.000144,0.15,0.464,75.52,4
spotify:track:4Kh6cq3XgOGUK9yXQu7RTq,"overwhelmed - Chri$tian Gate$ remix","overwhelmed (the remixes)","Royal & the Serpent;Chri$tian Gate$",2021-02-05,134482,60,true,,2022-08-01T09:53:35Z,"","Atlantic Records",0.619,0.502,0,-8.097,0,0.249,0.178,0,0.155,0.38,174.196,4
spotify:track:3awnZSyvKdi7rBLttHk36K,"IDWK","IDWK","347aidan;Kenny Beats",2021-01-25,123428,50,false,,2022-08-01T09:36:55Z,"","Columbia",0.852,0.307,9,-10.275,1,0.298,0.403,0,0.236,0.727,140.08,4
spotify:track:7oI6tGo698BQIEzA2HHJlX,"Right the First Time","Face to Face","Evan Dupell",2019-11-01,213608,0,false,,2022-07-27T08:59:03Z,"","Evan Dupell",0.559,0.906,9,-4.643,1,0.0884,0.0004,0.0000214,0.198,0.693,152.057,4
spotify:track:27OeeYzk6klgBh83TSvGMA,"WITHOUT YOU","F*CK LOVE (SAVAGE)","The Kid LAROI",2020-11-06,161384,5,true,,2022-07-25T09:54:21Z,"","Columbia",0.662,0.413,0,-7.357,1,0.0299,0.213,0,0.134,0.467,93.005,4
spotify:track:17sI3NJyJP4h0WRb57Y4GD,"Decay","Decay","JordyPurp;7ru7h",2021-11-19,165423,23,true,,2022-07-20T09:07:35Z,"emo rap","Outlast Records",0.39,0.871,0,-2.986,0,0.155,0.309,0,0.376,0.825,177.378,4
spotify:track:7bZtQK5tGKsOPCVF1hW0UK,"Wasted Time","Wasted Time","Tyto Grey",2019-06-05,147111,22,true,,2022-07-19T12:07:08Z,"","Tyto Grey",0.816,0.423,3,-11.533,1,0.477,0.439,0,0.302,0.514,134.87,4
spotify:track:5uDASfU19gDxSjW8cnCaBp,"Chill Bill (feat. J. Davi$ & Spooks)","Chill Bill (feat. J. Davi$ & Spooks)","Rob $tone;J. Davi$;J Spooks",2016-06-17,177184,74,true,,2022-07-13T14:37:26Z,"","RCA Records Label",0.886,0.427,6,-10.028,1,0.145,0.0312,0.00099,0.0906,0.23,108.034,4
spotify:track:3qQPwfZWS2LIkK1qlDjoOs,"Gone","Gone","THAT DUDE DAX",2020-06-01,172041,42,true,,2022-07-13T14:14:27Z,"","2149890 Records DK",0.897,0.649,11,-8.355,0,0.206,0.0844,0,0.115,0.519,119.94,4
spotify:track:2XJjvVrhlrxZyyFKFhMS2g,"Heart Full of Rage","Heart Full of Rage","Thr13tn",2020-02-29,174352,0,true,,2022-07-13T14:13:23Z,"","Simple Stupid Records",0.556,0.389,11,-10.017,0,0.045,0.773,0,0.108,0.456,84.808,4
spotify:track:3DRadunjYUhePsCFXlfiGQ,"Jouhatsu","Jouhatsu","Wh1te W0lf;s0cliché",2022-04-20,161798,19,true,,2022-07-13T13:57:21Z,"emo rap","s0 W0lf",0.569,0.742,2,-5.261,0,0.0389,0.0232,0,0.313,0.199,135.135,4
spotify:track:5YOlr46EwaH34hfN6r4vXR,"Trap Anthem","Trap Anthem","MC Virgins;Yun Head",2020-02-25,133017,0,true,,2022-06-28T12:42:10Z,"animé","MC Virgins Catalog Takeover",0.818,0.82,6,-5.531,0,0.175,0.106,0,0.108,0.737,160.005,4
spotify:track:26PSbPgc08B0gZC7mDwO31,"THE ONLY TIME IT RAINS IN HOLLYWOOD","THE ONLY TIME IT RAINS IN HOLLYWOOD","Red Leather",2022-05-27,314594,0,true,,2022-06-28T12:33:38Z,"","Sounds Good",0.586,0.392,9,-6.229,0,0.0266,0.393,0,0.116,0.189,88.809,4
spotify:track:5TXDeTFVRVY7Cvt0Dw4vWW,"Revenge","17","XXXTENTACION",2017-08-25,120026,82,true,,2022-06-26T19:23:10Z,"emo rap","Bad Vibes Forever / EMPIRE",0.746,0.251,11,-16.169,0,0.259,0.782,0.00203,0.106,0.18,139.999,4
spotify:track:2RunxngjOjMmQmk4AeLJMh,"nothinglastsforever","nothinglastsforever","TOKYO’S REVENGE",2020-11-27,133730,0,true,,2022-06-26T14:21:33Z,"","Tokyo’s Revenge, under exclusive license to Blac Noize!/Cypress Park Music/Geffen Records/Interscope Records",0.649,0.41,0,-8.817,1,0.0329,0.802,0,0.706,0.454,123.824,4
spotify:track:5STdMlrBf6pqWiNE7WqxSi,"Many Men (Wish Death)","Get Rich Or Die Tryin'","50 Cent",2003-02-06,256240,80,true,,2022-06-26T10:43:25Z,"old school hip-hop,hip-hop da Costa Leste","Shady Records",0.589,0.827,11,-2.938,1,0.384,0.0143,0.00151,0.14,0.386,161.978,4
spotify:track:6Xoe3jKnSFKSzsQ8kdDT7I,"Disappointment (feat. Rxseboy)","I'm A Disappointment","Sarcastic Sounds;Rxseboy",2022-04-15,142092,47,true,,2022-06-21T14:44:25Z,"lo-fi","Columbia",0.657,0.821,0,-5.655,1,0.232,0.686,0,0.0736,0.823,169.897,4
spotify:track:3bcPWqX9MFviad9Qzi1JsY,"Alone","Big Whoop","The Rare Occasions",2021-06-18,164967,44,false,,2022-06-21T14:04:11Z,"","The Rare Occasions",0.357,0.812,0,-5.502,1,0.0371,0.000119,0.000448,0.311,0.554,180.132,4
spotify:track:1uqaYvEA8X70II7oqJ1yJL,"Blood Diamonds","Blood Diamonds","Shyler",2020-07-09,170666,0,true,,2022-06-20T12:06:43Z,"emo rap","5ive7evens",0.706,0.508,7,-7.634,1,0.148,0.243,0,0.148,0.275,140.061,4
spotify:track:0opflBNj8NQehW3Q0oXueA,"IDENTITIES","UNDERGROWTH","DUSTY",2022-02-11,115662,41,false,,2022-06-20T10:26:19Z,"emo rap","Polar Culture",0.75,0.618,1,-4.633,0,0.0761,0.0273,0.149,0.102,0.548,83.004,4
spotify:track:7dWjd5movRYfXcnVlzGhWc,"Eighty-Four","Little Victories","The Strypes",2015-07-15,181520,11,false,,2022-06-18T17:25:39Z,"rock de garagem","EMI",0.51,0.88,6,-4.743,0,0.0418,0.000499,0.00344,0.371,0.786,134.064,4
spotify:track:5ARrWiDDRDocvURbemcnCy,"cut my fingers off","cut my fingers off","Ethan Bortnick",2021-11-05,139836,56,false,,2022-06-18T10:58:12Z,"","Columbia",0.573,0.75,10,-9.717,0,0.0419,0.0908,0.0444,0.741,0.298,148.077,4
spotify:track:7yF19wC6msoj2cGUEtlm1S,"She Bad","She Bad","Khantrast",2022-01-22,105536,0,true,,2022-06-18T10:09:07Z,"Rap animé,animé","1364668 Records DK",0.598,0.877,2,-5.401,1,0.112,0.105,0,0.0988,0.615,170.169,4
spotify:track:2XGnQ5sKFOSlvN9Aq9xVI6,"rather do my MATH","rather do my MATH","Robin Gan",2022-02-04,136000,0,true,,2022-06-18T10:05:08Z,"","Robin Gan",0.815,0.958,6,-2.46,1,0.28,0.568,0,0.691,0.965,89.947,4
spotify:track:2btlYImqPyAfh1eDBXOhbz,"GANTZ!","GANTZ!","Rare Akuma",2020-04-02,213942,18,true,,2022-06-16T16:01:05Z,"trap metal","AKUMA (A)",0.592,0.947,0,-4.808,1,0.184,0.346,0.000227,0.34,0.541,175.021,4
spotify:track:4FHvsBhLyY0R1Layj5sScG,"Fuck Tradition","Fuck Tradition","MedizenKid;TrippyThaKid;Ray Rockman",2021-01-03,170000,24,true,,2022-06-16T15:27:33Z,"emo rap","MedizenKid",0.808,0.746,11,-5.432,0,0.0302,0.0174,0,0.144,0.341,120.005,4
spotify:track:4Wl0bL4wTgXGkeK81reGpI,"when the world end","when the world end","chillmadeit",2021-05-04,93048,15,true,,2022-06-12T17:19:47Z,"","2353981 Records DK",0.655,0.716,1,-5.172,1,0.497,0.721,0,0.306,0.624,157.15,4
spotify:track:3y35zTzrhpS2dfnmRvUCoo,"Souls Cry","Live and Vibe","SunnahTheSage",2018-07-27,181160,0,false,,2022-06-08T12:25:00Z,"","Sunnahthesage",0.502,0.442,2,-11.094,0,0.363,0.429,0.00112,0.271,0.273,103.946,4
spotify:track:5YVNmwohNrDoo4f8EQ5htK,"COWBELL WARRIOR!","COWBELL WARRIOR!","SXMPRA",2021-12-08,149461,0,true,,2022-06-07T13:49:27Z,"phonk,drift phonk,trap metal","HERE FOREVER",0.747,0.801,2,-5.826,1,0.334,0.0287,0.0000297,0.441,0.707,167.077,4
spotify:track:5v84FE8shSW4V2AwteJRpw,"eighty","L$1k","Landspeed",2020-06-10,148718,40,true,,2022-06-07T13:45:08Z,"","3Kworldwide",0.836,0.609,1,-9.624,1,0.173,0.0148,0,0.112,0.493,110.151,4
spotify:track:0fv2KH6hac06J86hBUTcSf,"NEW MAGIC WAND","IGOR","Tyler, The Creator",2019-05-17,195327,78,true,,2022-05-27T10:48:24Z,"","Columbia",0.621,0.73,5,-5.414,0,0.107,0.0967,0.000131,0.673,0.464,139.566,4
spotify:track:0pdT2HQxxKGZdSoA6ORuVx,"Alone With Me","Alone With Me","Hopsin",2021-03-22,261043,50,true,,2022-05-27T10:08:14Z,"","Undercover Prodigy",0.665,0.724,1,-6.292,0,0.247,0.125,0,0.0701,0.639,89.377,4
spotify:track:6VDz4m1vEGHDDqQojf1mpc,"Wu Tang Forever (ft. Ghostface Killah, Raekwon, RZA, Method Man, Inspectah Deck, Cappadonna, Jackpot Scotty Wotty, U-God, Masta Killa, GZA)","YSIV","Logic;Ghostface Killah;Raekwon;RZA;Method Man;Inspectah Deck;Cappadonna;Jackpot Scotty Wotty;U-God;Masta Killa",2018-09-28,487960,51,true,,2022-05-26T08:59:57Z,"hip-hop da Costa Leste,hardcore hip-hop,old school hip-hop,hip-hop,boom bap","Def Jam Recordings",0.743,0.81,1,-4.94,1,0.286,0.134,0,0.369,0.755,91.012,4
spotify:track:0Li1OuXXfi7950ilZUFGkF,"Cardigan","Heaven Or Hell","Don Toliver",2020-03-13,158708,77,false,,2022-05-24T20:55:14Z,"","We Run It Ent./Cactus Jack/Atlantic",0.747,0.497,4,-6.542,0,0.0401,0.248,0,0.138,0.0663,142.046,4
spotify:track:2LNMhZ3YijTO7USmqjgJfG,"CLOUT COBAIN | CLOUT CO13A1N","TA13OO","Denzel Curry",2018-07-27,231333,59,true,,2022-05-24T10:14:13Z,"","Loma Vista",0.794,0.448,10,-4.771,0,0.0539,0.591,0,0.109,0.588,120.055,4
spotify:track:4H7WNRErSbONkM06blBoGc,"Stay","beerbongs & bentleys","Post Malone",2018-04-27,204426,71,true,,2022-05-19T16:50:52Z,"","Republic Records",0.506,0.48,5,-5.418,1,0.0266,0.449,0,0.147,0.351,86.042,4
spotify:track:58ge6dfP91o9oXMzq3XkIS,"505","Favourite Worst Nightmare (Standard Version)","Arctic Monkeys",2007-04-24,253586,85,false,,2022-05-17T17:45:03Z,"indie,rock de garagem","Domino/Warner Records",0.52,0.852,0,-5.866,1,0.0543,0.00237,0.0000579,0.0733,0.234,140.267,4
spotify:track:2mZZWQEUiFBCxC6r7IBdqE,"Kung Fu Kick","Kung Fu Kick","Baklava Boi;Yung Oogway",2021-05-26,108585,0,true,,2022-05-09T10:32:31Z,"","Baklava boi",0.761,0.747,11,-6.882,0,0.384,0.227,0,0.319,0.722,80.006,4
spotify:track:1V8fHRK9qQeQqZWWfz9oNU,"The Mystic","The Mystic","Adam Jensen",2016-11-04,189600,0,false,,2022-05-06T18:35:13Z,"","Adam Jensen Music, LLC.",0.557,0.721,4,-5.134,0,0.0416,0.356,0,0.146,0.392,125.324,4
spotify:track:1x2ZztCGIOvf3zcDxAIpVf,"Ex,Y,Z","Ex,Y,Z","Fre$h",2021-02-09,205588,0,true,,2022-05-04T11:17:27Z,"","FRE$H",0.723,0.589,6,-5.283,0,0.0729,0.19,0,0.0997,0.235,85.958,4
spotify:track:29OK4pFMJVnY3oG4G21ZIx,"FORGIVE ME FOR MY HONESTY","identity crisis","Paycheck",2019-03-08,230496,0,false,,2022-05-02T11:00:57Z,"","Create Capital",0.692,0.801,5,-5.322,0,0.261,0.0395,0,0.135,0.515,149.97,4
spotify:track:03XhDAepiykXhWCi9wiJeo,"Don't Forget(to Forget Me)","Forget Me","CoaastGxd",2019-05-01,152552,46,false,,2022-04-26T12:09:10Z,"trap metal,horrorcore","We the Hopeless",0.712,0.493,11,-8.2,0,0.0465,0.51,0.387,0.0862,0.217,62.499,4
spotify:track:5kqMxh6dDXhM2GkGT8zDcm,"Monsters","Monsters","Izek Rose",2019-02-22,224680,21,true,,2022-04-21T08:55:13Z,"","Izek Rose",0.527,0.517,9,-8.641,0,0.136,0.531,0,0.373,0.53,140.717,4
spotify:track:5nt4kC0tOQwoVX1jZ2XLAz,"Rooftops","Rooftops","Joey Burbach;J-Wright",2021-03-12,185454,24,true,,2022-04-20T11:29:41Z,"","Joey Burbs LLC",0.738,0.667,9,-8.249,1,0.0705,0.34,0,0.135,0.618,88.002,4
spotify:track:33dkvDfHCpvmfe32I9Aevp,"Woke Up","Woke Up Different","MMXVII",2020-02-28,176259,0,true,,2022-04-04T12:06:48Z,"","Sounds Of Seventeen",0.774,0.697,1,-8.178,1,0.0733,0.0159,0.0000355,0.0909,0.567,120.027,4
spotify:track:3UkD8WIxsg3Ud7tEbzZxhj,"Deja Vu","Deja Vu","Biersy",2020-01-20,173624,0,true,,2022-04-04T11:32:33Z,"","On The One Records",0.625,0.796,9,-6.804,0,0.318,0.122,0,0.145,0.58,160.033,4
spotify:track:3mO2Vgyeyml8SIqLV152cy,"SUBMARINE","SUBMARINE","Thehiz",2022-02-22,192742,0,false,,2022-04-04T09:19:48Z,"","Thehiz",0.545,0.793,2,-3.096,0,0.0258,0.00054,0.0000115,0.507,0.239,91.024,4
spotify:track:7pf0h3s5JCeEQDDHv2w7Dk,"140 Proof","140 Proof","Lucas Warwick",2020-09-26,160000,17,true,,2022-04-03T11:24:32Z,"","81ST STREET RECORDS",0.791,0.491,1,-8.288,1,0.366,0.479,0,0.0933,0.623,134.721,4
spotify:track:5XQfmxS3zpJG0ffSVMgI7q,"Insomniac","Insomniac","Schur",2022-03-25,194625,0,true,,2022-04-03T11:23:01Z,"","Rock Cottage Studio LLC",0.667,0.338,0,-10.741,1,0.0554,0.507,0,0.16,0.433,75.067,4
spotify:track:4K8myGsNIvHhrvbYQWCYzR,"Numb","Numb","KID E$s",2020-10-10,114435,27,true,,2022-04-02T13:34:06Z,"","1850546 Records DK",0.655,0.598,7,-6.112,1,0.344,0.154,0,0.158,0.39,155.152,4
spotify:track:6yX9Q7ykLMf16cEdyaAdUj,"2 PM","Freeverse Friday","Spovee",2018-10-11,175796,23,false,,2022-03-23T12:39:13Z,"","SPOTIFLY",0.785,0.863,0,-5.919,1,0.26,0.359,0,0.0565,0.907,95.005,4
spotify:track:5fUjnF68VoyPljaJVS6LIw,"Gasoline","Gasoline","RyFy",2020-10-30,163858,25,false,,2022-03-23T12:36:39Z,"","Blue Skies Music Group",0.936,0.382,1,-8.702,0,0.0782,0.0192,0.00000723,0.0791,0.778,94.994,4
spotify:track:1wU5II9aAYkd9MmcII1UBT,"Hope","Eudaemonia","Two:22",2018-06-02,195411,0,true,,2022-03-14T13:32:42Z,"emo rap","<3",0.771,0.842,0,-6.313,0,0.0357,0.192,0,0.144,0.936,130.006,4
spotify:track:1sx0XsWUusUoPstbvokZjP,"AOK","TV","Tai Verdes",2021-05-20,173640,70,true,,2022-03-07T19:11:36Z,"","Arista Records",0.731,0.626,11,-6.919,1,0.0805,0.125,0,0.183,0.862,82.488,4
spotify:track:0fVDu1evgjX9CFD0cmuRrM,"last day on earth","last day on earth","Tai Verdes",2022-01-13,172755,57,false,,2022-03-07T19:11:35Z,"","Arista Records",0.494,0.553,5,-5.57,1,0.197,0.413,0.0000417,0.218,0.359,82.061,4
spotify:track:38XLUjlR84JEwK0SOvX77a,"Let's go to Hell","Let's go to Hell","Tai Verdes",2021-11-03,152181,48,true,,2022-03-07T15:17:41Z,"","Arista Records",0.782,0.798,4,-5.07,0,0.0337,0.141,0,0.685,0.905,127.89,4
spotify:track:2QjOHCTQ1Jl3zawyYOpxh6,"Sweater Weather","I Love You.","The Neighbourhood",2013-04-22,240400,93,false,,2022-03-05T21:29:43Z,"","Columbia",0.612,0.807,10,-2.81,1,0.0336,0.0495,0.0177,0.101,0.398,124.053,4
spotify:track:0ItFQtluuFIdf0vtKeov3u,"Vision Clear","Authentic","Owen River",2021-10-15,225980,0,true,,2022-03-04T12:56:16Z,"","Owen River",0.859,0.57,10,-7.243,0,0.147,0.177,0,0.145,0.437,130.04,4
spotify:track:0k1mS4JuetPVgC6lfWUvAv,"Butterfly","Butterfly","Chad Tepper;Smrtdeath",2020-06-01,185508,0,false,,2022-03-04T12:46:43Z,"emo rap,cloud rap","aint hit records",0.758,0.787,7,-5.411,1,0.0556,0.0112,0,0.0639,0.529,103.541,4
spotify:track:5b3CrWCsJ46XjC5VwdKpvb,"Household Name","Between Somewhere","Token",2018-12-07,198522,0,true,,2022-02-28T10:53:52Z,"","eOne Music",0.809,0.643,5,-8.007,0,0.306,0.167,0.00000354,0.183,0.578,112.793,4
spotify:track:0QeRLL3rWnldUhu0G7AnRI,"Praying That I Die","Praying That I Die","Tracy Grimm;Cormac Butler",2020-11-10,178000,0,true,,2022-02-23T12:50:55Z,"emo rap,hip-hop underground","LG4",0.707,0.647,11,-5.949,1,0.0822,0.719,0,0.123,0.285,98.989,4
spotify:track:7nb6qhoEAyuFXL6OfOi6Hl,"Bonnie and Clyde","1089","K1ngsam",2019-01-10,132960,0,false,,2022-02-18T12:37:55Z,"","Dareye Productions",0.882,0.501,11,-7.983,0,0.261,0.303,0,0.0962,0.744,130.053,4
spotify:track:6AbVqbFG1XukfbpKLRrog5,"11 A.M.","Roses","Kris Konn",2019-07-27,214883,0,true,,2022-02-18T12:22:23Z,"","KonnArts",0.558,0.414,0,-8.377,1,0.034,0.209,0,0.116,0.378,172.063,4
spotify:track:35FP1Zd03PVqD9BlbHhTgg,"Beautiful Fall","Beautiful Fall","Double Lyrical",2017-01-01,206119,31,true,,2022-02-17T21:57:53Z,"","Double Lyrical",0.789,0.626,11,-7.93,0,0.295,0.584,0.00000195,0.643,0.285,129.953,4
spotify:track:3bynunZFKWiCJwNNasgBzl,"Rockstar","Rockstar","Jaiden",2018-06-29,252368,18,true,,2022-02-17T21:54:22Z,"","Sad4Ever",0.529,0.473,6,-7.257,0,0.0279,0.0624,0.00000508,0.102,0.0692,78.033,4
spotify:track:10Nmj3JCNoMeBQ87uw5j8k,"Dani California","Stadium Arcadium","Red Hot Chili Peppers",2006-05-09,282160,83,false,,2022-02-17T16:55:58Z,"funk rock,rock alternativo,rock","Warner Records",0.556,0.913,0,-2.36,1,0.0437,0.0193,0.00000859,0.346,0.73,96.184,4
spotify:track:1IzGdhQ17U0r7ufI4qBv7d,"Swan Dive","SWAN DIVE","convolk",2019-03-13,151602,44,true,,2022-02-16T13:11:15Z,"emo rap,rap melódico","convolk records",0.631,0.605,8,-7.656,1,0.0315,0.0882,0,0.147,0.219,141.968,4
spotify:track:3eyYN6wMocH2LqTRxo5Zfn,"Closed Off","Closed Off","AK",2019-10-04,155880,39,true,,2022-02-16T13:03:14Z,"","AK Music",0.719,0.737,3,-5.029,0,0.0536,0.323,0,0.156,0.61,114.059,4
spotify:track:6HgvW7GRxVZiMc7TlVvGG2,"katana","katana","Ethan Ross",2019-08-09,149443,35,true,,2022-02-16T12:58:25Z,"phonk,trap metal","Fashionably Early LLC",0.623,0.464,4,-10.619,0,0.31,0.0644,0,0.333,0.706,180.113,4
spotify:track:3PC2liQ1Xqa5uEnXTXQYhX,"Lifeline","Colt 45","James Colt;Chills",2020-05-15,181315,26,true,,2022-02-12T10:04:27Z,"emo rap","Timeless Tomorrow",0.693,0.565,11,-10.83,0,0.0405,0.18,0.00387,0.0932,0.419,96.006,4
spotify:track:3YmtEzmCagv7SeLmmgqWQM,"Hellbound","Hellbound","Riverstyx",2019-05-28,264202,19,true,,2022-02-10T21:45:06Z,"","Lotus Ent.",0.549,0.776,5,-6.898,1,0.21,0.232,0,0.822,0.637,148.915,4
spotify:track:0vcEWXF134cFe4hyYfQNZ4,"To Dance Among the Marigolds","To Sit Upon Horizon","137",2020-11-26,220718,0,false,,2022-02-10T21:39:48Z,"","Dream Sower Records",0.724,0.616,11,-6.542,0,0.0521,0.414,0.0000218,0.163,0.465,86.92,4
spotify:track:6jq2l16KiE7bh9o81xAbvC,"Sorry Not Sorry","Sorry Not Sorry","Sniper J;Aw6kenn;Asa Jake",2018-08-31,216932,0,true,,2022-02-10T17:47:18Z,"","R.O.O.G",0.561,0.737,10,-8.209,0,0.431,0.585,0,0.792,0.734,74.914,1
spotify:track:7M2tXmeS15NAzEn7ABFeBg,"Homicide (feat. Eminem)","Confessions of a Dangerous Mind","Logic;Eminem",2019-05-10,245386,68,true,,2022-02-05T14:27:39Z,"rap,hip-hop","Def Jam Recordings",0.695,0.758,10,-5.667,0,0.398,0.137,0,0.167,0.769,140.056,4
spotify:track:4EAV2cKiqKP5UPZmY6dejk,"Everyday","Bobby Tarantino II","Logic;Marshmello",2018-03-09,204746,63,true,,2022-02-05T14:27:37Z,"dança eletro","Def Jam Recordings",0.667,0.741,1,-4.099,1,0.0378,0.0425,0,0.0761,0.422,149.908,4
spotify:track:5jbDih9bLGmI8ycUKkN5XA,"Perfect","No Pressure","Logic",2020-07-24,100291,60,true,,2022-02-05T14:27:36Z,"","Def Jam Recordings",0.769,0.829,0,-5.228,1,0.0661,0.00948,0.0000665,0.301,0.648,159.943,4
spotify:track:0PsFHr9rpnASq9CObGgBBb,"Can't Think Straight","Can't Think Straight","ChrispyD;637godwin;Jackie Platinum",2020-08-21,159108,0,true,,2022-02-04T12:44:56Z,"","Chris Dezurick",0.654,0.477,8,-10.077,1,0.0515,0.507,0,0.0959,0.446,157.025,4
spotify:track:0hsl5A7PsMB5i4alm7ozIu,"My Last Words","My Last Words","Dax",2019-04-05,174168,0,true,,2022-01-29T16:18:27Z,"","Daniel Dax Entertainment",0.73,0.789,5,-5.424,0,0.311,0.487,0,0.11,0.513,150.2,4
spotify:track:56KAsTLcOQIVrcbfHrTua4,"Mexico","Mexico","Shotgun Willy;Yung Craka",2021-04-30,204000,59,true,,2022-01-29T15:46:46Z,"","Bad Realm/Atlantic",0.84,0.45,9,-8.185,1,0.0893,0.26,0.000029,0.107,0.275,99.998,4
spotify:track:3OPozjaFwjjmrgdkUMV9TD,"Ease Off","Ease Off","YNG Martyr",2020-08-28,144103,0,true,,2022-01-29T15:36:50Z,"","YNG",0.736,0.454,8,-10.922,1,0.0579,0.0671,0,0.117,0.788,135.019,4
spotify:track:4Gh9JSLAUWXGEuO6IdbEvM,"Worst Mistakes","Save Our Souls","Josh A;iamjakehill",2019-06-15,156265,48,true,,2022-01-29T15:29:26Z,"emo rap","Josh A",0.713,0.492,1,-7.624,0,0.0784,0.477,0,0.104,0.396,82.519,4
spotify:track:0jcPxc7Fme2oYb2MfFkOy6,"Loafers","Faded","BoyWithUke",2021-09-10,215394,62,false,,2022-01-29T15:23:50Z,"","BoyWithUke",0.652,0.649,1,-9.143,1,0.335,0.544,0,0.118,0.557,100.465,4
spotify:track:48UPSzbZjgc449aqz8bxox,"Californication","Californication (Deluxe Edition)","Red Hot Chili Peppers",1999-06-08,329733,87,false,,2022-01-29T15:07:13Z,"funk rock,rock alternativo,rock","Warner Records",0.592,0.767,9,-2.788,0,0.027,0.0021,0.00165,0.127,0.328,96.483,4
spotify:track:2TwPS8vPh7ffcLhee3ocjA,"Demons","Philosophy","Jacob Lee",2019-02-01,251234,0,false,,2022-01-28T12:15:41Z,"","Philosophical",0.315,0.556,3,-4.679,0,0.0329,0.186,0.00000189,0.184,0.291,157.883,3
spotify:track:2z3woIGj8hClFZVq0Hvcwr,"Who Wants What","Who Wants What","Russ;Ab-Soul",2020-11-13,323303,35,true,,2022-01-25T18:05:21Z,"","Russ My Way Inc",0.716,0.817,7,-4.895,0,0.341,0.168,0,0.0914,0.293,85.093,4
spotify:track:73681b7Hc0THHGZrSzl75y,"A Letter To My Younger Self (feat. Logic)","A Letter To My Younger Self","Quinn XCII;Logic",2020-07-10,212013,48,true,,2022-01-25T17:59:15Z,"","Columbia",0.822,0.834,6,-2.879,0,0.0663,0.0358,0,0.0461,0.77,115.006,4
spotify:track:0rlHnAs05Bta4DQ8YhwEBs,"Worst Day of My Life","Worst Day of My Life","Cal Scruby",2019-10-09,161344,39,true,,2022-01-23T14:05:07Z,"","The Lunar Society",0.971,0.58,10,-6.294,1,0.0965,0.485,0,0.0534,0.865,118.981,4
spotify:track:3f9Mzvd3URfbbIJBX4pz9Z,"Phone Numbers","Phone Numbers","Dominic Fike;Kenny Beats",2019-07-04,146826,75,true,,2022-01-22T18:00:27Z,"","Columbia",0.884,0.539,1,-6.389,0,0.208,0.239,0,0.0805,0.776,85.008,4
spotify:track:6PD6gH7Yvnm8SDHllKnleb,"Talk a Lot","Talk a Lot","404vincent",2019-11-11,125866,0,true,,2022-01-19T22:05:34Z,"","1385112 Records DK",0.876,0.476,8,-6.632,1,0.142,0.0677,0.000029,0.0497,0.667,144.084,4
spotify:track:1GXuVOHHqIUKgfL9szuGTs,"Stay","Solace","iamjakehill",2018-04-15,185091,0,true,,2022-01-19T21:54:51Z,"emo rap","629243 Records DK",0.728,0.668,2,-8.386,0,0.143,0.811,0,0.117,0.857,82.967,4
spotify:track:7vutZGVQezrzNJO86Q8n6w,"Ginger","Ginger","Maasho;Tanu",2019-08-30,157391,0,true,,2022-01-19T13:01:23Z,"","Maasho",0.644,0.421,2,-11.45,1,0.0947,0.289,0.000066,0.115,0.468,121.848,4
spotify:track:4W3zam9zzas14ZRnj70FMS,"F**k School!","F**k School!","404vincent",2019-11-30,108033,35,true,,2022-01-19T12:59:17Z,"","1385112 Records DK",0.734,0.584,2,-11.193,1,0.281,0.0561,0,0.0831,0.736,163.976,4
spotify:track:2DPYlWl50ydYsnnuryL5aX,"Cooler Than Me (feat. Big Sean)","Cooler Than Me EP","Mike Posner;Big Sean",2009-12-15,227840,61,false,,2022-01-15T11:33:43Z,"","J Records",0.837,0.515,7,-4.065,0,0.0793,0.103,0,0.233,0.769,129.001,4
spotify:track:7DkU4AK9MFzKOJmmeLE4fc,"HELLBOY","MILLENNIAL MELTDOWN","Ryan Oakes",2019-03-08,170031,40,true,,2022-01-15T11:05:36Z,"","SLUMBERLAND / Position Music",0.561,0.766,0,-6.696,0,0.279,0.0268,0.00000303,0.118,0.285,171.907,4
spotify:track:7f4aXLlQcYyQuruKex4y5F,"Crystallized","Crystallized","Thyme Traveler;Farnell Newton",2021-07-22,120493,13,false,,2022-01-08T21:32:39Z,"batidas jazz,lo-fi,batidas lo-fi,jazz rap","Chill Beats Records",0.55,0.584,2,-10.519,0,0.0786,0.524,0.675,0.204,0.0849,160.252,4
spotify:track:6jkpnvfMM9pEWYe68yNIYt,"dying lately","dying lately","iamjakehill",2021-08-02,221147,47,false,,2021-11-17T12:32:32Z,"emo rap","dying lately",0.708,0.59,4,-7.848,1,0.0374,0.3,0,0.359,0.874,140.031,4
spotify:track:01UeBfllW39eaKdiCw556R,"Out Of My Mind","Out Of My Mind","Gentrammel",2020-06-10,173846,1,true,,2021-11-17T12:10:47Z,"","Promoting Sounds / Gentrammel under exclusive license to Amuseio AB",0.61,0.609,9,-7.197,1,0.0373,0.664,0,0.61,0.664,78.015,4
spotify:track:6jmf4OxSGzdgthZruXtcqu,"Hate Me!","How To Kill A Rockstar","MASN",2020-08-21,154756,57,true,,2021-11-17T10:42:38Z,"","RCA Records Label",0.683,0.628,6,-6.512,1,0.123,0.659,0,0.106,0.356,142.06,4
spotify:track:3RbNcjVnQixKa1sULcwd2K,"Losing Interest","Losing Interest","Stract;Shiloh Dynasty",2019-07-21,136695,65,false,,2021-11-17T10:40:23Z,"","CORBAL Distribution",0.96,0.36,10,-16.192,0,0.155,0.673,0.0177,0.293,0.639,114.927,4
spotify:track:6iVp2prwrEaeh9f18iP2jt,"Nocturnal Rainbows","Raw","Hopsin",2010-11-19,306524,0,true,,2021-11-13T12:05:23Z,"","Funk Volume",0.608,0.845,10,-5.007,0,0.119,0.168,0,0.0712,0.549,81.997,4
spotify:track:2fpzSINgTCbf4sS7LH39G5,"Sag My Pants","Raw","Hopsin",2010-11-19,219089,2,true,,2021-11-13T11:03:52Z,"","Funk Volume",0.871,0.567,2,-9.264,1,0.364,0.171,0,0.0551,0.794,97.422,4
spotify:track:4ePKbzLwkIBslceokt2iXZ,"I Am Defiant","I Am Defiant","The Seige",2018-04-23,248880,55,true,,2021-11-03T10:43:29Z,"","The Seige",0.477,0.859,6,-3.649,1,0.264,0.0932,0,0.71,0.504,125.044,4
spotify:track:4TIqzdAssasqx3DAe6cG9J,"Ramen & OJ","Ramen & OJ","Joyner Lucas;Lil Baby",2021-04-30,218447,69,true,,2021-11-03T10:35:10Z,"","Twenty Nine Music Group",0.597,0.571,1,-6.205,0,0.293,0.492,0,0.093,0.165,106.196,3
spotify:track:4sWuPniHClkInYAnzXAYUF,"Camelot","Camelot","NLE Choppa",2019-09-13,148759,58,true,,2021-09-09T19:03:24Z,"","Warner Records",0.787,0.713,7,-5.252,1,0.401,0.0849,0,0.717,0.761,175.046,4
spotify:track:59JVrsMy8oUyl8usosvTqZ,"Champion","Champion","Kid Ink",2019-08-23,156847,34,false,,2021-09-09T19:03:15Z,"","Tha Alumni Music Group/88 Classic/RCA Records",0.287,0.956,5,-2.847,0,0.258,0.0937,0,0.423,0.475,82.578,4
spotify:track:2AlYncTpVHKwHb55F9lF6O,"Deep End Freestyle","Sleepy Hallow Presents: Sleepy For President","Sleepy Hallow;Fousheé",2020-06-05,115200,62,true,,2021-09-09T19:03:04Z,"drill de Brooklyn,drill de Nova Iorque,r&b indie","Winners Circle Entertainment Inc / EMPIRE",0.868,0.479,4,-6.687,0,0.445,0.703,0,0.102,0.776,133.928,4
spotify:track:6xLrQE0nqfpMfZoCQikxSL,"Super Villain","Super Villain","Stileto;Silent Child;Kendyle Paige",2021-05-14,147000,56,true,,2021-07-06T13:06:19Z,"dark r&b","CloudKid",0.489,0.834,7,-4.356,0,0.0792,0.11,0,0.35,0.389,79.915,4
spotify:track:7fIETzt6S1vL8UJ6xeTqVl,"Lonely Army","Lonely Army","Sophie Powers",2021-04-30,175661,29,false,,2021-07-06T13:02:46Z,"","Set Records Inc.",0.54,0.457,1,-7.446,1,0.0279,0.0507,0,0.432,0.125,94.083,4
spotify:track:4kAxx6T8xOvbRBFzCRpWXO,"Benihana","Benihana","Bazanji",2021-05-28,141315,42,true,,2021-06-21T08:23:34Z,"","Bazanji LLC",0.782,0.353,8,-10.014,1,0.217,0.00161,0,0.102,0.575,152.185,4
spotify:track:0KVTHA6quBmP3HT2QKicaZ,"Starfire","Starfire","Spencer Maro",2018-11-19,236571,0,false,,2021-04-25T17:12:26Z,"","NCS",0.4,0.606,7,-5.448,0,0.0412,0.0172,0.00017,0.116,0.101,70.056,4
spotify:track:0cZ70m4LPKCyukf68hEJuw,"Now I'm Forever","Now I'm Forever","AK",2018-10-10,187578,45,true,,2021-04-23T14:22:20Z,"","AK Music",0.533,0.666,6,-6.27,1,0.365,0.106,0,0.127,0.586,156.897,4
spotify:track:2T9uxTmZcIFrdRdUk0zruB,"Desire","Desire","Blooom;Ghost'n'ghost",2019-05-28,184827,0,false,,2021-01-17T13:05:05Z,"drum and bass","NCS",0.496,0.529,2,-9.335,0,0.0773,0.0616,0.0000327,0.08,0.306,174.196,4
spotify:track:4axyANT6rS3fVZdUBgPMaF,"Dead End","Dead End","Cal Scruby",2019-12-11,199714,38,true,,2021-01-16T15:05:50Z,"","The Lunar Society",0.835,0.794,6,-5.077,1,0.147,0.217,0,0.113,0.696,139.958,4
spotify:track:1nr2k1HoeQvi6uf08zVzLj,"Blur","Blur","Stellar",2020-07-19,131428,2,false,,2021-01-16T14:12:38Z,"","Greater Boston Records",0.834,0.6,5,-5.433,1,0.0313,0.245,0,0.0694,0.694,125.954,4
spotify:track:0bqoapk6BzfRkCYtXqQSCq,"Accountable","Accountable","marc indigo",2019-08-13,151384,24,false,,2021-01-14T19:41:25Z,"","marc indigo",0.721,0.408,7,-10.604,1,0.0967,0.723,0.0000162,0.314,0.387,129.801,4
spotify:track:1KMLFwxR37tKHxkgoha49h,"Sun Kissed","Sun Kissed","Lxst",2019-08-22,180705,0,true,,2021-01-14T19:30:19Z,"emo rap","Lxst Records",0.719,0.521,1,-9.173,0,0.0625,0.413,0,0.169,0.389,85.029,4
spotify:track:4sSu9BtWSCWRNjGD2AvqbG,"Psycho!","Psycho!","MASN",2019-01-17,197217,0,true,,2021-01-13T21:08:57Z,"","BRRR",0.868,0.365,7,-9.51,1,0.0383,0.433,0,0.207,0.471,114.979,4
spotify:track:4ZT9FnbFu1PaBfV3itxiqT,"I","Shelby","Lil Skies",2019-03-01,181890,70,true,,2021-01-13T20:09:54Z,"rap melódico","All We Got Ent.",0.649,0.453,6,-7.28,1,0.085,0.627,0,0.116,0.431,99.183,4
spotify:track:27GE3jMgh01MWFAuaA58O5,"Pick Up","Pick Up","Chase Bennett",2019-10-12,200620,20,true,,2021-01-13T19:58:40Z,"","Freshness Guaranteed",0.765,0.551,2,-6.891,1,0.066,0.266,0,0.108,0.158,96.929,4
spotify:track:3EBkgSFtSrcNC97jjZU71f,"Dangerous Bitch","Dangerous Bitch","Brennan Story;Baby Russ",2020-01-10,152320,0,true,,2021-01-13T19:22:32Z,"","Gemini 8",0.478,0.731,3,-7.031,0,0.302,0.0823,0,0.316,0.635,134.723,5
spotify:track:06NfzaCnz9aE1mDR07eQjd,"Brighter Days","Brighter Days","Jomie",2019-11-13,164414,39,true,,2021-01-13T19:20:20Z,"","938018 Records DK",0.617,0.412,7,-8.447,1,0.0443,0.948,0,0.101,0.703,94.992,4
spotify:track:6a0JNVksUWTzdQ2H0r9nBd,"GHOST","NEVERS ROAD","Witt Lowry",2019-08-30,224594,46,true,,2020-12-23T16:07:24Z,"","Witt Lowry",0.722,0.59,8,-7.398,1,0.104,0.0792,0.0000173,0.109,0.217,148.132,4
spotify:track:2IolW30xgvjQJXI2LyyUwb,"Skeletons (Remix)","Skeletons (Remix)","Porgy;Wildways",2018-10-22,204444,17,false,,2020-09-15T11:36:18Z,"soul do norte,metalcore,pós-hardcore","Porgy",0.596,0.877,11,-5.964,1,0.182,0.0275,0.0000207,0.11,0.4,135.03,4
spotify:track:2qzl10bAolDzYE505AWfIV,"Only One King","Cinematic Songs (Vol. 3)","Tommee Profitt;Jung Youth",2018-02-09,210104,54,false,,2020-09-15T11:33:09Z,"","Tommee Profitt Studios (GSMF)",0.683,0.933,2,-4.666,1,0.131,0.0599,0.00000263,0.365,0.422,143.972,4
spotify:track:6ZSgKQs6wEXP8sY3KuL2xy,"Our World","Our World","Campfire",2019-01-11,208444,0,false,,2020-09-15T11:29:33Z,"","WEARECAMPFIRE",0.635,0.83,10,-5.177,0,0.144,0.0971,0.00000113,0.0877,0.64,67.48,4
spotify:track:2ZGwIc2FbDiOLcU4MG7MWB,"Legend (ft. Backchat)","Beat Saber (Original Game Soundtrack)","Jaroslav Beck;Crispin;Backchat",2018-05-01,119277,40,false,,2020-09-15T11:25:17Z,"","Epic Music Productions",0.691,0.957,11,-1.931,0,0.112,0.00267,0,0.0891,0.713,90.031,4
spotify:track:0YbKNvAu6wHeM4bfRTZFT3,"11 Minutes (feat. Travis Barker) - Kayzo Remix","11 Minutes (feat. Travis Barker) [Kayzo Remix]","YUNGBLUD;Travis Barker;Kayzo",2019-05-15,257349,39,true,,2020-09-15T11:19:54Z,"rap rock,dubstep,deathstep,riddim,dança eletro","Locomotion Recordings/Geffen Records",0.425,0.948,11,-2.476,1,0.198,0.0244,0.00000108,0.122,0.524,165.922,4
spotify:track:53YKOovYB1yOtJT9zDavaP,"Conquer","Conquer","MAGNUS;Neoni",2020-02-21,136271,35,false,,2020-09-15T11:17:21Z,"bass house","Intercord",0.67,0.734,0,-6.026,0,0.061,0.0257,0.092,0.339,0.284,118.061,4
spotify:track:3LPGV4Ljx71mA0J9UR2GwN,"Light It Up","Light It Up","The Kudu",2018-06-29,200976,22,false,,2020-09-15T11:07:04Z,"","The Kudu",0.614,0.818,7,-4.282,0,0.0883,0.0494,0,0.647,0.383,127.958,4
spotify:track:1Sw5WkxVFT0oM7DXlrUAuj,"No Running","No Running","INTERCOM;Park Avenue",2019-07-19,268105,0,false,,2020-09-15T11:04:49Z,"","INTERCOM",0.636,0.603,7,-7.01,1,0.0409,0.00298,0.00511,0.1,0.128,95.023,4
spotify:track:58CXTtxb7Puzl7jpaIpvTd,"Run With You","Run With You","Nimi Dovrat;Shannon Lawn",2019-10-14,146666,0,false,,2020-09-15T08:37:26Z,"nightcore,bass futurista","Magic Records",0.529,0.862,7,-3.687,0,0.0555,0.00109,0.000172,0.147,0.376,180.099,4
spotify:track:6L3HEkbxXjemo4nrNqPj0w,"Gangsta's Paradise","Gangsta's Paradise","We Rabbitz;Chris Commisso",2018-11-23,243040,36,false,,2020-09-15T08:17:35Z,"","Rabbitland",0.608,0.513,10,-9.253,0,0.048,0.324,0,0.11,0.423,147.94,4
spotify:track:5m9bSDxaTYDZ7LgcVzj26t,"You & Me","You & Me","SpikedGrin;LXS",2018-08-03,188760,0,true,,2020-09-15T08:14:02Z,"experimental","Magic Records",0.541,0.772,6,-3.074,1,0.0597,0.0338,0,0.0429,0.393,150.028,4
spotify:track:5f4l3uDDTNNGEtWaXHOIB9,"Us","Us","Snavs",2019-04-25,184273,46,false,,2020-09-15T08:13:58Z,"bass futurista,trap eletrónico","Monstercat",0.584,0.888,4,-2.571,0,0.0385,0.0115,0.000113,0.341,0.331,150.042,4
spotify:track:1x9CZ1BESwWZzB1SZcV0gj,"Chosen Ones","Emerge","Mountains vs. Machines",2016-10-14,193306,0,false,,2020-09-15T08:13:54Z,"","Position Music",0.436,0.822,5,-2.967,1,0.0314,0.000217,0.00287,0.325,0.378,85.022,4
spotify:track:4joLrj0nUWOH4YIT29iDNq,"4U - Julius Dreisig Remix","4U (Julius Dreisig Remix)","Aero Chord;Julius Dreisig",2018-08-03,182875,37,false,,2020-09-15T08:13:50Z,"trap eletrónico,dubstep","Monstercat",0.396,0.791,2,-5.896,1,0.138,0.000701,0.698,0.304,0.0332,104.864,4
spotify:track:1IqYyJ37a3gUr0NC2vOD2b,"War","War","grandson",2018-05-04,211500,46,false,,2019-12-08T09:57:19Z,"","Fueled By Ramen",0.369,0.835,1,-4.462,0,0.0777,0.000105,0.0523,0.253,0.525,160.156,4
spotify:track:5EeZuhVQdnUkpCiknMTeoP,"Pay the Man","Sacred Hearts Club","Foster The People",2017-07-21,233720,47,false,,2019-12-07T12:42:50Z,"","Columbia",0.688,0.769,6,-5.52,0,0.0376,0.00148,0.0000108,0.262,0.505,99.969,4
spotify:track:4qTdAqcQOY9V6s8SmWkUWV,"Snakes","Snakes","Bazanji",2018-04-22,250000,22,true,,2019-12-07T11:04:46Z,"","Bazanji",0.825,0.631,1,-6.826,1,0.0512,0.0147,0,0.122,0.192,120.001,4
spotify:track:4ikkwzYtRNfzK8poIM3PfV,"Pull Me Apart","Pull Me Apart","NEFFEX",2019-04-10,145714,1,false,,2019-12-07T09:49:52Z,"","Burning Boat",0.628,0.538,5,-6.965,0,0.0357,0.00702,0.0000056,0.0907,0.58,139.989,4
spotify:track:7JzWz4mgrthdmX52b0Z7mz,"Voices","Past Lives","Against The Current",2018-09-28,204560,48,false,,2019-11-30T15:06:50Z,"punk pop","Fueled By Ramen",0.715,0.851,7,-4.782,0,0.0615,0.0036,0.000782,0.0738,0.789,105.02,4
spotify:track:0uo1ijDwCKBmEQXTIMpVXM,"Downfall","Downfall","BAUWZ",2019-06-03,187297,0,false,,2019-11-30T14:44:52Z,"","Tribal Trap",0.566,0.788,6,-3.36,0,0.0364,0.0383,0.000103,0.16,0.181,147.942,4
spotify:track:6Qt2QkoZVRJTE0GI4mY6KL,"Work On Me","Work On Me","The Tech Thieves",2017-09-01,196097,34,false,,2019-11-30T14:28:40Z,"","Knightvision",0.675,0.682,1,-5.783,1,0.0707,0.183,0.000104,0.0936,0.185,161.905,4
spotify:track:6TAUFocVcihHHoAcMkGxUx,"Flowers","Flowers","The Tech Thieves",2019-05-10,183333,0,false,,2019-11-30T14:05:35Z,"","Antifragile Music",0.659,0.648,8,-5.949,0,0.0317,0.2,0.000634,0.375,0.279,144.287,4
spotify:track:5HXTSRCFYcLtxnOzp9FHiH,"Crocodile Tears","Crocodile Tears","Unlike Pluto",2019-09-18,168639,0,false,,2019-11-30T14:01:04Z,"","Heroic",0.662,0.587,9,-8.006,0,0.349,0.159,0,0.337,0.503,169.088,4
spotify:track:4X5Qfr8w8kItDcBKGAfHRc,"Easy","Easy","Nimez;LEVR;Harley Bird",2019-04-12,210731,0,false,,2019-11-30T13:59:21Z,"trap eletrónico","Tribal Trap",0.513,0.623,0,-6.29,0,0.0645,0.0173,0,0.101,0.12,81.955,4
spotify:track:0eey1qkbAYy8j8Z51MlvAU,"End of Time","End of Time","Arc North;Laura Brehm;Rival",2018-08-10,183111,0,false,,2019-11-30T13:55:40Z,"slap house,chillstep","Spinnup",0.51,0.443,2,-9.755,0,0.0295,0.175,0.0000271,0.0648,0.178,134.93,4
spotify:track:5aWooiRZSWS0P4I5dzLkUJ,"Solo","Solo","Prismo",2018-08-03,183755,0,false,,2019-11-28T17:06:46Z,"bass futurista","PRMD Music",0.442,0.846,10,-4.11,0,0.107,0.000352,0.0106,0.376,0.506,179.936,3
spotify:track:6B2517C1r5C4nihT94D2Cb,"Now I Don't Care","Bitter Paradise","Unlike Pluto",2018-08-24,223703,0,false,,2019-11-27T19:14:49Z,"","Heroic",0.66,0.662,6,-6.465,0,0.037,0.093,0,0.0899,0.317,81.008,4
spotify:track:3VvBPkc24zC7x05mgJTyGO,"Monody (feat. Laura Brehm)","Monody (feat. Laura Brehm)","TheFatRat;Laura Brehm",2015-11-07,290467,2,false,,2019-11-27T17:43:36Z,"chillstep","Melofaktur UG (Haftungsbeschränkt)",0.526,0.69,1,-3.591,0,0.0351,0.114,0.00216,0.0969,0.224,106.993,4
spotify:track:7EYv3adMrIC5mqurz7fHhD,"Superhero","Superhero","Unknown Brain;Chris Linton",2016-11-26,179224,2,false,,2019-11-27T16:47:46Z,"","NCS",0.669,0.937,8,-4.054,0,0.0714,0.028,0.0000179,0.318,0.223,75.013,4
spotify:track:4gP0rV98IuCKj9xoKihB0k,"Stronger - Raiko Remix","Stronger (Raiko Remix)","Prismo;Raiko",2019-01-11,187591,0,false,,2019-11-27T16:41:51Z,"bass futurista","NCS",0.424,0.798,9,-4.748,0,0.0597,0.00181,0.000987,0.106,0.143,160.263,4
spotify:track:6Vf8g2ZM1djFY6ynfEcRY4,"I Can Hold a Grudge Like Nobody's Business","I Can Hold a Grudge Like Nobody's Business","Adam Jensen",2018-11-30,225804,0,false,,2019-11-27T16:30:20Z,"","Adam Jensen",0.623,0.702,1,-6.435,0,0.0957,0.152,0,0.0829,0.706,145.947,4
spotify:track:3UC76hBkfwLeXMaXCGvnTJ,"Eye Of The Storm","Eye Of The Storm","Watt White",2017-03-29,199008,1,false,,2019-11-21T15:27:04Z,"","Riptide",0.529,0.943,2,-4.299,0,0.077,0.015,0,0.163,0.6,95.152,4
spotify:track:2vujPL9jOWisAKM4yCrTPL,"Horns (Arc North Remix)","Horns (Arc North Remix)","Arc North;Bryce Fox",2017-01-13,225897,0,false,,2019-11-20T18:13:36Z,"slap house","Arc North & Bryce Fox",0.286,0.769,6,-4.609,0,0.126,0.0276,0,0.132,0.201,169.939,4
spotify:track:1MhWIYwoOZM8SWDKzdNrrL,"Too Close","Too Close","Prismo",2017-10-16,201861,0,false,,2019-11-20T17:18:43Z,"bass futurista","Prismo Music",0.663,0.786,7,-6.177,1,0.0458,0.000514,0.000192,0.0892,0.528,140.076,4
spotify:track:0nimVlDdDMQkB3Obn8eEIH,"Friend of the Devil","Friend of the Devil","Adam Jensen",2019-08-02,180542,0,true,,2019-11-20T17:15:09Z,"","Adam Jensen",0.705,0.742,6,-5.409,0,0.0453,0.0063,0.00000179,0.147,0.505,77.473,4
spotify:track:5C0ivQMxes2lWuOANhvVAm,"GIANTS","GIANTS","True Damage;Becky G;Keke Palmer;SOYEON;Duckwrth;Thutmose;League of Legends",2019-11-10,191720,4,false,,2019-11-17T11:48:45Z,"reggaeton,latino,k-pop","Riot Games",0.642,0.683,1,-5.386,1,0.262,0.0834,0,0.155,0.584,154.881,4
